-- phpMyAdmin SQL Dump
-- version 4.8.5
-- https://www.phpmyadmin.net/
--
-- Host: localhost:3306
-- Generation Time: Dec 06, 2022 at 09:28 AM
-- Server version: 5.7.33
-- PHP Version: 7.4.19

SET SQL_MODE = "NO_AUTO_VALUE_ON_ZERO";
SET AUTOCOMMIT = 0;
START TRANSACTION;
SET time_zone = "+00:00";


/*!40101 SET @OLD_CHARACTER_SET_CLIENT=@@CHARACTER_SET_CLIENT */;
/*!40101 SET @OLD_CHARACTER_SET_RESULTS=@@CHARACTER_SET_RESULTS */;
/*!40101 SET @OLD_COLLATION_CONNECTION=@@COLLATION_CONNECTION */;
/*!40101 SET NAMES utf8mb4 */;

--
-- Database: `pro1014`
--

-- --------------------------------------------------------

--
-- Table structure for table `combo`
--

CREATE TABLE `combo` (
  `id` int(11) NOT NULL,
  `status` int(11) NOT NULL DEFAULT '1'
) ENGINE=InnoDB DEFAULT CHARSET=utf8mb4 COLLATE=utf8mb4_unicode_ci;

--
-- Dumping data for table `combo`
--

INSERT INTO `combo` (`id`, `status`) VALUES
(3, 1),
(4, 1),
(5, 1),
(6, 1);

-- --------------------------------------------------------

--
-- Table structure for table `employee`
--

CREATE TABLE `employee` (
  `id` int(11) NOT NULL,
  `email` varchar(50) COLLATE utf8mb4_unicode_ci NOT NULL,
  `password` varchar(50) COLLATE utf8mb4_unicode_ci NOT NULL,
  `name` varchar(255) COLLATE utf8mb4_unicode_ci NOT NULL,
  `image` varchar(255) COLLATE utf8mb4_unicode_ci NOT NULL,
  `role` varchar(10) COLLATE utf8mb4_unicode_ci DEFAULT NULL,
  `salary` varchar(12) COLLATE utf8mb4_unicode_ci NOT NULL,
  `hire_date` date NOT NULL,
  `status` varchar(255) COLLATE utf8mb4_unicode_ci NOT NULL
) ENGINE=InnoDB DEFAULT CHARSET=utf8mb4 COLLATE=utf8mb4_unicode_ci;

--
-- Dumping data for table `employee`
--

INSERT INTO `employee` (`id`, `email`, `password`, `name`, `image`, `role`, `salary`, `hire_date`, `status`) VALUES
(4, 'admin@bruno.me', 'admin', 'administrator', 'banhmichuot3.jpg', 'admin', '1212', '2022-11-01', '0'),
(5, 'nhanvien1@gmail.com', '123456', 'Nhân Viên 1', 'nhuom-toc-mau-khoi-ST4.jpg', NULL, '12345678', '2022-12-02', '1'),
(6, 'nhanvien2@gmail.com', '123456', 'Nhân Viên 2', 'small_side_part_vuot_ru_6dce22fce7.jpg', NULL, '3000000', '2022-12-03', '1');

-- --------------------------------------------------------

--
-- Table structure for table `feedback`
--

CREATE TABLE `feedback` (
  `id` int(11) NOT NULL,
  `star` varchar(10) COLLATE utf8mb4_unicode_ci NOT NULL,
  `note` text COLLATE utf8mb4_unicode_ci NOT NULL,
  `order_id` int(11) NOT NULL,
  `user_id` int(11) NOT NULL COMMENT 'id khach'
) ENGINE=InnoDB DEFAULT CHARSET=utf8mb4 COLLATE=utf8mb4_unicode_ci;

-- --------------------------------------------------------

--
-- Table structure for table `list_combo`
--

CREATE TABLE `list_combo` (
  `id` int(11) NOT NULL,
  `combo_id` int(11) NOT NULL,
  `service_id` int(11) NOT NULL
) ENGINE=InnoDB DEFAULT CHARSET=utf8mb4 COLLATE=utf8mb4_unicode_ci;

--
-- Dumping data for table `list_combo`
--

INSERT INTO `list_combo` (`id`, `combo_id`, `service_id`) VALUES
(4, 3, 7),
(5, 3, 8),
(8, 5, 9),
(9, 5, 11),
(12, 6, 10),
(13, 6, 11);

-- --------------------------------------------------------

--
-- Table structure for table `orders`
--

CREATE TABLE `orders` (
  `id` int(11) NOT NULL,
  `user_id` int(11) NOT NULL COMMENT 'người đặt',
  `time` datetime NOT NULL,
  `status` int(11) NOT NULL
) ENGINE=InnoDB DEFAULT CHARSET=utf8mb4 COLLATE=utf8mb4_unicode_ci;

--
-- Dumping data for table `orders`
--

INSERT INTO `orders` (`id`, `user_id`, `time`, `status`) VALUES
(68, 77, '2022-12-03 17:19:26', 1),
(69, 78, '2022-12-04 11:00:00', 3),
(70, 78, '2022-12-04 10:20:00', 2),
(71, 79, '2022-12-06 18:00:39', 2),
(72, 77, '2022-12-05 17:40:00', 2),
(73, 71, '2022-12-05 17:00:00', 3),
(74, 80, '2022-12-28 16:20:00', 2),
(75, 72, '2022-12-06 09:00:00', 2),
(76, 72, '2022-12-28 09:40:00', 1);

-- --------------------------------------------------------

--
-- Table structure for table `orders_detail`
--

CREATE TABLE `orders_detail` (
  `id` int(11) NOT NULL,
  `order_id` int(11) NOT NULL,
  `service_id` int(11) DEFAULT NULL,
  `combo_id` int(11) DEFAULT NULL,
  `employee_id` int(11) NOT NULL COMMENT 'người làm'
) ENGINE=InnoDB DEFAULT CHARSET=utf8mb4 COLLATE=utf8mb4_unicode_ci;

--
-- Dumping data for table `orders_detail`
--

INSERT INTO `orders_detail` (`id`, `order_id`, `service_id`, `combo_id`, `employee_id`) VALUES
(92, 68, 8, NULL, 4),
(93, 69, 7, NULL, 5),
(94, 69, 8, NULL, 5),
(95, 70, 12, NULL, 5),
(96, 71, 8, NULL, 4),
(97, 71, 12, NULL, 4),
(98, 72, 11, NULL, 5),
(99, 72, 12, NULL, 5),
(100, 73, NULL, 5, 5),
(101, 74, 11, NULL, 6),
(102, 75, 9, NULL, 5),
(103, 75, 10, NULL, 5),
(104, 76, 8, NULL, 5);

-- --------------------------------------------------------

--
-- Table structure for table `posts`
--

CREATE TABLE `posts` (
  `id` int(11) NOT NULL,
  `title` varchar(255) COLLATE utf8mb4_unicode_ci NOT NULL,
  `image` varchar(300) COLLATE utf8mb4_unicode_ci NOT NULL,
  `createdAt` datetime NOT NULL,
  `updateAt` datetime NOT NULL,
  `content` text COLLATE utf8mb4_unicode_ci NOT NULL
) ENGINE=InnoDB DEFAULT CHARSET=utf8mb4 COLLATE=utf8mb4_unicode_ci;

--
-- Dumping data for table `posts`
--

INSERT INTO `posts` (`id`, `title`, `image`, `createdAt`, `updateAt`, `content`) VALUES
(1, 'Phá cách với kiểu tóc nam Side Part vuốt rủ và học cách vuốt trong tích tắc', 'small_side_part_vuot_ru_6dce22fce7.jpg', '2022-11-23 20:26:31', '2022-11-23 20:26:31', '<div class=\"content__shortDescription\" style=\"border-width: 0px; border-style: solid; border-color: rgba(229,231,235,var(--tw-border-opacity)); --tw-border-opacity:1; --tw-shadow:0 0 #0000; --tw-ring-inset:var(--tw-empty, ); --tw-ring-offset-width:0px; --tw-ring-offset-color:#fff; --tw-ring-color:rgba(59, 130, 246, 0.5); --tw-ring-offset-shadow:0 0 #0000; --tw-ring-shadow:0 0 #0000; padding-right: 50px; padding-bottom: 32px; padding-left: 50px; text-align: center; color: rgb(0, 0, 0); font-family: &quot;be vietnam pro&quot;, sans-serif; font-size: 16px; font-style: normal; font-variant-ligatures: normal; font-variant-caps: normal; font-weight: 300;\"><div style=\"border-width: 0px; border-style: solid; border-color: rgba(229,231,235,var(--tw-border-opacity)); --tw-border-opacity:1; --tw-shadow:0 0 #0000; --tw-ring-inset:var(--tw-empty, ); --tw-ring-offset-width:0px; --tw-ring-offset-color:#fff; --tw-ring-color:rgba(59, 130, 246, 0.5); --tw-ring-offset-shadow:0 0 #0000; --tw-ring-shadow:0 0 #0000;\"><p style=\"border-width: 0px; border-style: solid; border-color: rgba(229,231,235,var(--tw-border-opacity)); --tw-border-opacity:1; --tw-shadow:0 0 #0000; --tw-ring-inset:var(--tw-empty, ); --tw-ring-offset-width:0px; --tw-ring-offset-color:#fff; --tw-ring-color:rgba(59, 130, 246, 0.5); --tw-ring-offset-shadow:0 0 #0000; --tw-ring-shadow:0 0 #0000; margin-bottom: 1em;\"><i style=\"border-width: 0px; border-style: solid; border-color: rgba(229,231,235,var(--tw-border-opacity)); --tw-border-opacity:1; --tw-shadow:0 0 #0000; --tw-ring-inset:var(--tw-empty, ); --tw-ring-offset-width:0px; --tw-ring-offset-color:#fff; --tw-ring-color:rgba(59, 130, 246, 0.5); --tw-ring-offset-shadow:0 0 #0000; --tw-ring-shadow:0 0 #0000;\"><span style=\"border-width: 0px; border-style: solid; border-color: rgba(229,231,235,var(--tw-border-opacity)); --tw-border-opacity:1; --tw-shadow:0 0 #0000; --tw-ring-inset:var(--tw-empty, ); --tw-ring-offset-width:0px; --tw-ring-offset-color:#fff; --tw-ring-color:rgba(59, 130, 246, 0.5); --tw-ring-offset-shadow:0 0 #0000; --tw-ring-shadow:0 0 #0000; font-weight: bolder;\">Nếu bạn đã chán ngấy các kiểu tóc nam ngắn gọn, đơn giản, tại sao không thử ngay Side Part vuốt rủ để khác biệt hơn. Học ngay cách tạo kiểu tóc nam Hàn Quốc này trong tích tắc.</span></i></p></div></div><div class=\"content__description\" style=\"border-width: 0px; border-style: solid; border-color: rgba(229,231,235,var(--tw-border-opacity)); --tw-border-opacity:1; --tw-shadow:0 0 #0000; --tw-ring-inset:var(--tw-empty, ); --tw-ring-offset-width:0px; --tw-ring-offset-color:#fff; --tw-ring-color:rgba(59, 130, 246, 0.5); --tw-ring-offset-shadow:0 0 #0000; --tw-ring-shadow:0 0 #0000; color: rgb(0, 0, 0); font-family: &quot;be vietnam pro&quot;, sans-serif; font-size: 16px; font-style: normal; font-variant-ligatures: normal; font-variant-caps: normal; font-weight: 300;\"><div style=\"border-width: 0px; border-style: solid; border-color: rgba(229,231,235,var(--tw-border-opacity)); --tw-border-opacity:1; --tw-shadow:0 0 #0000; --tw-ring-inset:var(--tw-empty, ); --tw-ring-offset-width:0px; --tw-ring-offset-color:#fff; --tw-ring-color:rgba(59, 130, 246, 0.5); --tw-ring-offset-shadow:0 0 #0000; --tw-ring-shadow:0 0 #0000;\"><h2 style=\"border-width: 0px; border-style: solid; border-color: rgba(229,231,235,var(--tw-border-opacity)); --tw-border-opacity:1; --tw-shadow:0 0 #0000; --tw-ring-inset:var(--tw-empty, ); --tw-ring-offset-width:0px; --tw-ring-offset-color:#fff; --tw-ring-color:rgba(59, 130, 246, 0.5); --tw-ring-offset-shadow:0 0 #0000; --tw-ring-shadow:0 0 #0000; margin-bottom: 0.5em; font-size: inherit; color: rgba(0, 0, 0, 0.85);\"><span style=\"border-width: 0px; border-style: solid; border-color: rgba(229,231,235,var(--tw-border-opacity)); --tw-border-opacity:1; --tw-shadow:0 0 #0000; --tw-ring-inset:var(--tw-empty, ); --tw-ring-offset-width:0px; --tw-ring-offset-color:#fff; --tw-ring-color:rgba(59, 130, 246, 0.5); --tw-ring-offset-shadow:0 0 #0000; --tw-ring-shadow:0 0 #0000; font-weight: bolder;\">Side Part vuốt rủ hợp với ai?</span></h2><p style=\"border-width: 0px; border-style: solid; border-color: rgba(229,231,235,var(--tw-border-opacity)); --tw-border-opacity:1; --tw-shadow:0 0 #0000; --tw-ring-inset:var(--tw-empty, ); --tw-ring-offset-width:0px; --tw-ring-offset-color:#fff; --tw-ring-color:rgba(59, 130, 246, 0.5); --tw-ring-offset-shadow:0 0 #0000; --tw-ring-shadow:0 0 #0000; margin-bottom: 1em;\">Kiểu tóc nam này rất phù hợp cho những bạn yêu thích<span style=\"border-width: 0px; border-style: solid; border-color: rgba(229,231,235,var(--tw-border-opacity)); --tw-border-opacity:1; --tw-shadow:0 0 #0000; --tw-ring-inset:var(--tw-empty, ); --tw-ring-offset-width:0px; --tw-ring-offset-color:#fff; --tw-ring-color:rgba(59, 130, 246, 0.5); --tw-ring-offset-shadow:0 0 #0000; --tw-ring-shadow:0 0 #0000; font-weight: bolder;\">&nbsp;</span><a href=\"/\" style=\"border-width: 0px; border-style: solid; border-color: rgba(229,231,235,var(--tw-border-opacity)); --tw-border-opacity:1; --tw-shadow:0 0 #0000; --tw-ring-inset:var(--tw-empty, ); --tw-ring-offset-width:0px; --tw-ring-offset-color:#fff; --tw-ring-color:rgba(59, 130, 246, 0.5); --tw-ring-offset-shadow:0 0 #0000; --tw-ring-shadow:0 0 #0000; color: rgb(24, 144, 255); outline: none; cursor: pointer; transition: color 0.3s ease 0s; touch-action: manipulation;\" target=\"_blank\"><span style=\"border-width: 0px; border-style: solid; border-color: rgba(229,231,235,var(--tw-border-opacity)); --tw-border-opacity:1; --tw-shadow:0 0 #0000; --tw-ring-inset:var(--tw-empty, ); --tw-ring-offset-width:0px; --tw-ring-offset-color:#fff; --tw-ring-color:rgba(59, 130, 246, 0.5); --tw-ring-offset-shadow:0 0 #0000; --tw-ring-shadow:0 0 #0000; font-weight: bolder;\">phong cách lãng tử Hàn Quốc</span></a><span style=\"border-width: 0px; border-style: solid; border-color: rgba(229,231,235,var(--tw-border-opacity)); --tw-border-opacity:1; --tw-shadow:0 0 #0000; --tw-ring-inset:var(--tw-empty, ); --tw-ring-offset-width:0px; --tw-ring-offset-color:#fff; --tw-ring-color:rgba(59, 130, 246, 0.5); --tw-ring-offset-shadow:0 0 #0000; --tw-ring-shadow:0 0 #0000; font-weight: bolder;\">.</span>&nbsp;Và nó đặc biệt hợp với những bạn có khuôn mặt hơi vuông và dài hoặc trái xoan. Bởi nó sẽ giúp khuôn mặt trở nên mềm mại hơn. Đối với những bạn tóc mỏng thì còn giúp tóc bạn trông dày dặn hơn.</p><p style=\"border-width: 0px; border-style: solid; border-color: rgba(229,231,235,var(--tw-border-opacity)); --tw-border-opacity:1; --tw-shadow:0 0 #0000; --tw-ring-inset:var(--tw-empty, ); --tw-ring-offset-width:0px; --tw-ring-offset-color:#fff; --tw-ring-color:rgba(59, 130, 246, 0.5); --tw-ring-offset-shadow:0 0 #0000; --tw-ring-shadow:0 0 #0000; margin-bottom: 1em;\">Side Part còn được biết tới với một tên gọi khác đó là tóc rẽ ngôi. Hiện nay có khá nhiều những mẫu tóc Side Part khác nhau. Nhưng tiêu biểu nhất chỉ có những biến thể như: Side Part Classic, Side Part hiện đại, Undercut Side Part, Side Part Pompadour,….</p><figure class=\"image\" style=\"border-width: 0px; border-style: solid; border-color: rgba(229,231,235,var(--tw-border-opacity)); --tw-border-opacity:1; --tw-shadow:0 0 #0000; --tw-ring-inset:var(--tw-empty, ); --tw-ring-offset-width:0px; --tw-ring-offset-color:#fff; --tw-ring-color:rgba(59, 130, 246, 0.5); --tw-ring-offset-shadow:0 0 #0000; --tw-ring-shadow:0 0 #0000; margin-bottom: 1em;\"><img src=\"https://blog.30shine.com/wp-content/uploads/2019/02/kieu-toc-nam-sp-ru3.jpg\" alt=\"kiểu tóc nam\" srcset=\"https://blog.30shine.com/wp-content/uploads/2019/02/kieu-toc-nam-sp-ru3.jpg 660w, https://blog.30shine.com/wp-content/uploads/2019/02/kieu-toc-nam-sp-ru3-300x186.jpg 300w\" sizes=\"100vw\" width=\"660\" style=\"border-width: 0px; border-color: rgba(229,231,235,var(--tw-border-opacity)); --tw-border-opacity:1; --tw-shadow:0 0 #0000; --tw-ring-inset:var(--tw-empty, ); --tw-ring-offset-width:0px; --tw-ring-offset-color:#fff; --tw-ring-color:rgba(59, 130, 246, 0.5); --tw-ring-offset-shadow:0 0 #0000; --tw-ring-shadow:0 0 #0000; display: inline; width: 100%;\"></figure><p style=\"border-width: 0px; border-style: solid; border-color: rgba(229,231,235,var(--tw-border-opacity)); --tw-border-opacity:1; --tw-shadow:0 0 #0000; --tw-ring-inset:var(--tw-empty, ); --tw-ring-offset-width:0px; --tw-ring-offset-color:#fff; --tw-ring-color:rgba(59, 130, 246, 0.5); --tw-ring-offset-shadow:0 0 #0000; --tw-ring-shadow:0 0 #0000; margin-bottom: 1em;\">Trong chủ đề này, BrunoBarber sẽ không phân loại những kiểu Side Part. Thay vào đó &nbsp;sẽ đi thẳng vào “<i style=\"border-width: 0px; border-style: solid; border-color: rgba(229,231,235,var(--tw-border-opacity)); --tw-border-opacity:1; --tw-shadow:0 0 #0000; --tw-ring-inset:var(--tw-empty, ); --tw-ring-offset-width:0px; --tw-ring-offset-color:#fff; --tw-ring-color:rgba(59, 130, 246, 0.5); --tw-ring-offset-shadow:0 0 #0000; --tw-ring-shadow:0 0 #0000;\">cách tạo kiểu tóc Side Part vuốt rủ</i>”. Và&nbsp;<span style=\"font-family: &quot;be vietnam pro&quot;, sans-serif; font-size: 16px; font-style: normal; font-variant-ligatures: normal; font-variant-caps: normal; font-weight: 300;\">BrunoBarber</span>&nbsp;cũng sẽ hướng dẫn các bạn cách vuốt kiểu tóc nam này vô cùng đơn giản. Đảm bảo bạn sẽ đẹp trai ngay trong tích tắc.</p><h2 style=\"border-width: 0px; border-style: solid; border-color: rgba(229,231,235,var(--tw-border-opacity)); --tw-border-opacity:1; --tw-shadow:0 0 #0000; --tw-ring-inset:var(--tw-empty, ); --tw-ring-offset-width:0px; --tw-ring-offset-color:#fff; --tw-ring-color:rgba(59, 130, 246, 0.5); --tw-ring-offset-shadow:0 0 #0000; --tw-ring-shadow:0 0 #0000; margin-bottom: 0.5em; font-size: inherit; color: rgba(0, 0, 0, 0.85);\"><span style=\"border-width: 0px; border-style: solid; border-color: rgba(229,231,235,var(--tw-border-opacity)); --tw-border-opacity:1; --tw-shadow:0 0 #0000; --tw-ring-inset:var(--tw-empty, ); --tw-ring-offset-width:0px; --tw-ring-offset-color:#fff; --tw-ring-color:rgba(59, 130, 246, 0.5); --tw-ring-offset-shadow:0 0 #0000; --tw-ring-shadow:0 0 #0000; font-weight: bolder;\">Chuẩn bị</span></h2><p style=\"border-width: 0px; border-style: solid; border-color: rgba(229,231,235,var(--tw-border-opacity)); --tw-border-opacity:1; --tw-shadow:0 0 #0000; --tw-ring-inset:var(--tw-empty, ); --tw-ring-offset-width:0px; --tw-ring-offset-color:#fff; --tw-ring-color:rgba(59, 130, 246, 0.5); --tw-ring-offset-shadow:0 0 #0000; --tw-ring-shadow:0 0 #0000; margin-bottom: 1em;\">Tuy nhiên, trước khi tạo kiểu việc chuẩn bị dụng cụ là vô cùng cần thiết. Nếu thiếu những vật dụng này, các bạn sẽ rất khó tạo kiểu tóc nam này.</p><figure class=\"image\" style=\"border-width: 0px; border-style: solid; border-color: rgba(229,231,235,var(--tw-border-opacity)); --tw-border-opacity:1; --tw-shadow:0 0 #0000; --tw-ring-inset:var(--tw-empty, ); --tw-ring-offset-width:0px; --tw-ring-offset-color:#fff; --tw-ring-color:rgba(59, 130, 246, 0.5); --tw-ring-offset-shadow:0 0 #0000; --tw-ring-shadow:0 0 #0000; margin-bottom: 1em;\"><img src=\"https://blog.30shine.com/wp-content/uploads/2019/02/kieu-toc-nam-sp-ru5.jpg\" alt=\"kiểu tóc nam\" srcset=\"https://blog.30shine.com/wp-content/uploads/2019/02/kieu-toc-nam-sp-ru5.jpg 600w, https://blog.30shine.com/wp-content/uploads/2019/02/kieu-toc-nam-sp-ru5-150x150.jpg 150w, https://blog.30shine.com/wp-content/uploads/2019/02/kieu-toc-nam-sp-ru5-300x300.jpg 300w, https://blog.30shine.com/wp-content/uploads/2019/02/kieu-toc-nam-sp-ru5-55x55.jpg 55w, https://blog.30shine.com/wp-content/uploads/2019/02/kieu-toc-nam-sp-ru5-65x65.jpg 65w\" sizes=\"100vw\" width=\"600\" style=\"border-width: 0px; border-color: rgba(229,231,235,var(--tw-border-opacity)); --tw-border-opacity:1; --tw-shadow:0 0 #0000; --tw-ring-inset:var(--tw-empty, ); --tw-ring-offset-width:0px; --tw-ring-offset-color:#fff; --tw-ring-color:rgba(59, 130, 246, 0.5); --tw-ring-offset-shadow:0 0 #0000; --tw-ring-shadow:0 0 #0000; display: inline; width: 100%;\"></figure><h3 style=\"border-width: 0px; border-style: solid; border-color: rgba(229,231,235,var(--tw-border-opacity)); --tw-border-opacity:1; --tw-shadow:0 0 #0000; --tw-ring-inset:var(--tw-empty, ); --tw-ring-offset-width:0px; --tw-ring-offset-color:#fff; --tw-ring-color:rgba(59, 130, 246, 0.5); --tw-ring-offset-shadow:0 0 #0000; --tw-ring-shadow:0 0 #0000; margin-bottom: 0.5em; font-size: inherit; color: rgba(0, 0, 0, 0.85);\"><span style=\"border-width: 0px; border-style: solid; border-color: rgba(229,231,235,var(--tw-border-opacity)); --tw-border-opacity:1; --tw-shadow:0 0 #0000; --tw-ring-inset:var(--tw-empty, ); --tw-ring-offset-width:0px; --tw-ring-offset-color:#fff; --tw-ring-color:rgba(59, 130, 246, 0.5); --tw-ring-offset-shadow:0 0 #0000; --tw-ring-shadow:0 0 #0000; font-weight: bolder;\">Các dụng cụ cần có:</span></h3><ul style=\"border-width: 0px; border-style: solid; border-color: rgba(229,231,235,var(--tw-border-opacity)); --tw-border-opacity:1; --tw-shadow:0 0 #0000; --tw-ring-inset:var(--tw-empty, ); --tw-ring-offset-width:0px; --tw-ring-offset-color:#fff; --tw-ring-color:rgba(59, 130, 246, 0.5); --tw-ring-offset-shadow:0 0 #0000; --tw-ring-shadow:0 0 #0000; list-style-position: initial; list-style-image: initial; margin-bottom: 1em; padding-left: 40px;\"><li style=\"border-width: 0px; border-style: solid; border-color: rgba(229,231,235,var(--tw-border-opacity)); --tw-border-opacity:1; --tw-shadow:0 0 #0000; --tw-ring-inset:var(--tw-empty, ); --tw-ring-offset-width:0px; --tw-ring-offset-color:#fff; --tw-ring-color:rgba(59, 130, 246, 0.5); --tw-ring-offset-shadow:0 0 #0000; --tw-ring-shadow:0 0 #0000;\">Lược</li><li style=\"border-width: 0px; border-style: solid; border-color: rgba(229,231,235,var(--tw-border-opacity)); --tw-border-opacity:1; --tw-shadow:0 0 #0000; --tw-ring-inset:var(--tw-empty, ); --tw-ring-offset-width:0px; --tw-ring-offset-color:#fff; --tw-ring-color:rgba(59, 130, 246, 0.5); --tw-ring-offset-shadow:0 0 #0000; --tw-ring-shadow:0 0 #0000;\">Máy sấy</li><li style=\"border-width: 0px; border-style: solid; border-color: rgba(229,231,235,var(--tw-border-opacity)); --tw-border-opacity:1; --tw-shadow:0 0 #0000; --tw-ring-inset:var(--tw-empty, ); --tw-ring-offset-width:0px; --tw-ring-offset-color:#fff; --tw-ring-color:rgba(59, 130, 246, 0.5); --tw-ring-offset-shadow:0 0 #0000; --tw-ring-shadow:0 0 #0000;\">Xịt tạo phồng</li><li style=\"border-width: 0px; border-style: solid; border-color: rgba(229,231,235,var(--tw-border-opacity)); --tw-border-opacity:1; --tw-shadow:0 0 #0000; --tw-ring-inset:var(--tw-empty, ); --tw-ring-offset-width:0px; --tw-ring-offset-color:#fff; --tw-ring-color:rgba(59, 130, 246, 0.5); --tw-ring-offset-shadow:0 0 #0000; --tw-ring-shadow:0 0 #0000;\">Sáp tạo kiểu</li><li style=\"border-width: 0px; border-style: solid; border-color: rgba(229,231,235,var(--tw-border-opacity)); --tw-border-opacity:1; --tw-shadow:0 0 #0000; --tw-ring-inset:var(--tw-empty, ); --tw-ring-offset-width:0px; --tw-ring-offset-color:#fff; --tw-ring-color:rgba(59, 130, 246, 0.5); --tw-ring-offset-shadow:0 0 #0000; --tw-ring-shadow:0 0 #0000;\">Gôm</li></ul><h2 style=\"border-width: 0px; border-style: solid; border-color: rgba(229,231,235,var(--tw-border-opacity)); --tw-border-opacity:1; --tw-shadow:0 0 #0000; --tw-ring-inset:var(--tw-empty, ); --tw-ring-offset-width:0px; --tw-ring-offset-color:#fff; --tw-ring-color:rgba(59, 130, 246, 0.5); --tw-ring-offset-shadow:0 0 #0000; --tw-ring-shadow:0 0 #0000; margin-bottom: 0.5em; font-size: inherit; color: rgba(0, 0, 0, 0.85);\"><span style=\"border-width: 0px; border-style: solid; border-color: rgba(229,231,235,var(--tw-border-opacity)); --tw-border-opacity:1; --tw-shadow:0 0 #0000; --tw-ring-inset:var(--tw-empty, ); --tw-ring-offset-width:0px; --tw-ring-offset-color:#fff; --tw-ring-color:rgba(59, 130, 246, 0.5); --tw-ring-offset-shadow:0 0 #0000; --tw-ring-shadow:0 0 #0000; font-weight: bolder;\">Cách vuốt kiểu tóc nam Side Part rủ</span></h2><h3 style=\"border-width: 0px; border-style: solid; border-color: rgba(229,231,235,var(--tw-border-opacity)); --tw-border-opacity:1; --tw-shadow:0 0 #0000; --tw-ring-inset:var(--tw-empty, ); --tw-ring-offset-width:0px; --tw-ring-offset-color:#fff; --tw-ring-color:rgba(59, 130, 246, 0.5); --tw-ring-offset-shadow:0 0 #0000; --tw-ring-shadow:0 0 #0000; margin-bottom: 0.5em; font-size: inherit; color: rgba(0, 0, 0, 0.85);\"><span style=\"border-width: 0px; border-style: solid; border-color: rgba(229,231,235,var(--tw-border-opacity)); --tw-border-opacity:1; --tw-shadow:0 0 #0000; --tw-ring-inset:var(--tw-empty, ); --tw-ring-offset-width:0px; --tw-ring-offset-color:#fff; --tw-ring-color:rgba(59, 130, 246, 0.5); --tw-ring-offset-shadow:0 0 #0000; --tw-ring-shadow:0 0 #0000; font-weight: bolder;\">Bước 1: Gội và dùng Pre-styling tạo độ phồng cho tóc</span></h3><p style=\"border-width: 0px; border-style: solid; border-color: rgba(229,231,235,var(--tw-border-opacity)); --tw-border-opacity:1; --tw-shadow:0 0 #0000; --tw-ring-inset:var(--tw-empty, ); --tw-ring-offset-width:0px; --tw-ring-offset-color:#fff; --tw-ring-color:rgba(59, 130, 246, 0.5); --tw-ring-offset-shadow:0 0 #0000; --tw-ring-shadow:0 0 #0000; margin-bottom: 1em;\">Khi được gội qua dầu gội thì tóc cũng trở nên mềm hơn. Vì thế sẽ dễ ép side và tạo nếp hơn. Tiếp theo các bạn hãy xịt pre-styling cho mái tóc. Mục đích của việc này là giúp kích thích sự dẻo dai của các sợi tóc, tăng độ phồng tóc để giúp cho kiểu tóc trông hoàn thiện hơn. Ngoài ra Pre-styling cũng giúp tăng độ bám của sáp trên tóc, tăng thời gian giữ nếp.</p><figure class=\"image\" style=\"border-width: 0px; border-style: solid; border-color: rgba(229,231,235,var(--tw-border-opacity)); --tw-border-opacity:1; --tw-shadow:0 0 #0000; --tw-ring-inset:var(--tw-empty, ); --tw-ring-offset-width:0px; --tw-ring-offset-color:#fff; --tw-ring-color:rgba(59, 130, 246, 0.5); --tw-ring-offset-shadow:0 0 #0000; --tw-ring-shadow:0 0 #0000; margin-bottom: 1em;\"><img src=\"https://blog.30shine.com/wp-content/uploads/2019/02/kieu-toc-nam-sp-ru6.jpg\" alt=\"kiểu tóc nam\" srcset=\"https://blog.30shine.com/wp-content/uploads/2019/02/kieu-toc-nam-sp-ru6.jpg 1170w, https://blog.30shine.com/wp-content/uploads/2019/02/kieu-toc-nam-sp-ru6-300x180.jpg 300w, https://blog.30shine.com/wp-content/uploads/2019/02/kieu-toc-nam-sp-ru6-768x460.jpg 768w, https://blog.30shine.com/wp-content/uploads/2019/02/kieu-toc-nam-sp-ru6-1024x614.jpg 1024w\" sizes=\"100vw\" width=\"1170\" style=\"border-width: 0px; border-color: rgba(229,231,235,var(--tw-border-opacity)); --tw-border-opacity:1; --tw-shadow:0 0 #0000; --tw-ring-inset:var(--tw-empty, ); --tw-ring-offset-width:0px; --tw-ring-offset-color:#fff; --tw-ring-color:rgba(59, 130, 246, 0.5); --tw-ring-offset-shadow:0 0 #0000; --tw-ring-shadow:0 0 #0000; display: inline; width: 100%;\"></figure><h4 style=\"border-width: 0px; border-style: solid; border-color: rgba(229,231,235,var(--tw-border-opacity)); --tw-border-opacity:1; --tw-shadow:0 0 #0000; --tw-ring-inset:var(--tw-empty, ); --tw-ring-offset-width:0px; --tw-ring-offset-color:#fff; --tw-ring-color:rgba(59, 130, 246, 0.5); --tw-ring-offset-shadow:0 0 #0000; --tw-ring-shadow:0 0 #0000; margin-bottom: 0.5em; font-size: inherit; color: rgba(0, 0, 0, 0.85);\"><span style=\"border-width: 0px; border-style: solid; border-color: rgba(229,231,235,var(--tw-border-opacity)); --tw-border-opacity:1; --tw-shadow:0 0 #0000; --tw-ring-inset:var(--tw-empty, ); --tw-ring-offset-width:0px; --tw-ring-offset-color:#fff; --tw-ring-color:rgba(59, 130, 246, 0.5); --tw-ring-offset-shadow:0 0 #0000; --tw-ring-shadow:0 0 #0000; font-weight: bolder;\">Lưu ý:</span></h4><ul style=\"border-width: 0px; border-style: solid; border-color: rgba(229,231,235,var(--tw-border-opacity)); --tw-border-opacity:1; --tw-shadow:0 0 #0000; --tw-ring-inset:var(--tw-empty, ); --tw-ring-offset-width:0px; --tw-ring-offset-color:#fff; --tw-ring-color:rgba(59, 130, 246, 0.5); --tw-ring-offset-shadow:0 0 #0000; --tw-ring-shadow:0 0 #0000; list-style-position: initial; list-style-image: initial; margin-bottom: 1em; padding-left: 40px;\"><li style=\"border-width: 0px; border-style: solid; border-color: rgba(229,231,235,var(--tw-border-opacity)); --tw-border-opacity:1; --tw-shadow:0 0 #0000; --tw-ring-inset:var(--tw-empty, ); --tw-ring-offset-width:0px; --tw-ring-offset-color:#fff; --tw-ring-color:rgba(59, 130, 246, 0.5); --tw-ring-offset-shadow:0 0 #0000; --tw-ring-shadow:0 0 #0000;\">Dùng chai xịt Pre-styling và xịt đều lên mái tóc</li><li style=\"border-width: 0px; border-style: solid; border-color: rgba(229,231,235,var(--tw-border-opacity)); --tw-border-opacity:1; --tw-shadow:0 0 #0000; --tw-ring-inset:var(--tw-empty, ); --tw-ring-offset-width:0px; --tw-ring-offset-color:#fff; --tw-ring-color:rgba(59, 130, 246, 0.5); --tw-ring-offset-shadow:0 0 #0000; --tw-ring-shadow:0 0 #0000;\">Dùng tay đánh tơi tóc để dung dịch ngấm đều hơn</li><li style=\"border-width: 0px; border-style: solid; border-color: rgba(229,231,235,var(--tw-border-opacity)); --tw-border-opacity:1; --tw-shadow:0 0 #0000; --tw-ring-inset:var(--tw-empty, ); --tw-ring-offset-width:0px; --tw-ring-offset-color:#fff; --tw-ring-color:rgba(59, 130, 246, 0.5); --tw-ring-offset-shadow:0 0 #0000; --tw-ring-shadow:0 0 #0000;\">Sử dụng lược để hất nhẹ từng mảng tóc lên cao hơn</li><li style=\"border-width: 0px; border-style: solid; border-color: rgba(229,231,235,var(--tw-border-opacity)); --tw-border-opacity:1; --tw-shadow:0 0 #0000; --tw-ring-inset:var(--tw-empty, ); --tw-ring-offset-width:0px; --tw-ring-offset-color:#fff; --tw-ring-color:rgba(59, 130, 246, 0.5); --tw-ring-offset-shadow:0 0 #0000; --tw-ring-shadow:0 0 #0000;\">Dùng máy sấy để “Di” theo từng đừng chải của lược.</li></ul><h3 style=\"border-width: 0px; border-style: solid; border-color: rgba(229,231,235,var(--tw-border-opacity)); --tw-border-opacity:1; --tw-shadow:0 0 #0000; --tw-ring-inset:var(--tw-empty, ); --tw-ring-offset-width:0px; --tw-ring-offset-color:#fff; --tw-ring-color:rgba(59, 130, 246, 0.5); --tw-ring-offset-shadow:0 0 #0000; --tw-ring-shadow:0 0 #0000; margin-bottom: 0.5em; font-size: inherit; color: rgba(0, 0, 0, 0.85);\"><span style=\"border-width: 0px; border-style: solid; border-color: rgba(229,231,235,var(--tw-border-opacity)); --tw-border-opacity:1; --tw-shadow:0 0 #0000; --tw-ring-inset:var(--tw-empty, ); --tw-ring-offset-width:0px; --tw-ring-offset-color:#fff; --tw-ring-color:rgba(59, 130, 246, 0.5); --tw-ring-offset-shadow:0 0 #0000; --tw-ring-shadow:0 0 #0000; font-weight: bolder;\">Bước 2: Sử dụng sáp vuốt tóc</span></h3><p style=\"border-width: 0px; border-style: solid; border-color: rgba(229,231,235,var(--tw-border-opacity)); --tw-border-opacity:1; --tw-shadow:0 0 #0000; --tw-ring-inset:var(--tw-empty, ); --tw-ring-offset-width:0px; --tw-ring-offset-color:#fff; --tw-ring-color:rgba(59, 130, 246, 0.5); --tw-ring-offset-shadow:0 0 #0000; --tw-ring-shadow:0 0 #0000; margin-bottom: 1em;\">Sau khi đã Pre-styling xong và mái tóc đã đạt một độ phồng nhất định, các bạn chuyển sang bước vuốt sáp. Bạn lấy khoảng 1 đốt ngón tay sáp ra tay (có thể chia làm nhiều phần nhỏ). Sau đó đánh thật đều, chú ý xoa mạnh và đều tay để sáp được tan nhanh hơn. &nbsp;Tiếp theo đưa thẳng lên tóc để cho các sợi tóc được cố định bằng chất sáp, đồng thời tạo một lớp màng liên kết giữa chúng.</p><h3 style=\"border-width: 0px; border-style: solid; border-color: rgba(229,231,235,var(--tw-border-opacity)); --tw-border-opacity:1; --tw-shadow:0 0 #0000; --tw-ring-inset:var(--tw-empty, ); --tw-ring-offset-width:0px; --tw-ring-offset-color:#fff; --tw-ring-color:rgba(59, 130, 246, 0.5); --tw-ring-offset-shadow:0 0 #0000; --tw-ring-shadow:0 0 #0000; margin-bottom: 0.5em; font-size: inherit; color: rgba(0, 0, 0, 0.85);\"><span style=\"border-width: 0px; border-style: solid; border-color: rgba(229,231,235,var(--tw-border-opacity)); --tw-border-opacity:1; --tw-shadow:0 0 #0000; --tw-ring-inset:var(--tw-empty, ); --tw-ring-offset-width:0px; --tw-ring-offset-color:#fff; --tw-ring-color:rgba(59, 130, 246, 0.5); --tw-ring-offset-shadow:0 0 #0000; --tw-ring-shadow:0 0 #0000; font-weight: bolder;\">Bước 3: Vuốt tạo kiểu</span></h3><figure class=\"image\" style=\"border-width: 0px; border-style: solid; border-color: rgba(229,231,235,var(--tw-border-opacity)); --tw-border-opacity:1; --tw-shadow:0 0 #0000; --tw-ring-inset:var(--tw-empty, ); --tw-ring-offset-width:0px; --tw-ring-offset-color:#fff; --tw-ring-color:rgba(59, 130, 246, 0.5); --tw-ring-offset-shadow:0 0 #0000; --tw-ring-shadow:0 0 #0000; margin-bottom: 1em;\"><img src=\"https://blog.30shine.com/wp-content/uploads/2019/02/kieu-toc-nam-sp-ru4.jpg\" alt=\"kiểu tóc nam\" srcset=\"https://blog.30shine.com/wp-content/uploads/2019/02/kieu-toc-nam-sp-ru4.jpg 1200w, https://blog.30shine.com/wp-content/uploads/2019/02/kieu-toc-nam-sp-ru4-300x157.jpg 300w, https://blog.30shine.com/wp-content/uploads/2019/02/kieu-toc-nam-sp-ru4-768x402.jpg 768w, https://blog.30shine.com/wp-content/uploads/2019/02/kieu-toc-nam-sp-ru4-1024x536.jpg 1024w\" sizes=\"100vw\" width=\"1200\" style=\"border-width: 0px; border-color: rgba(229,231,235,var(--tw-border-opacity)); --tw-border-opacity:1; --tw-shadow:0 0 #0000; --tw-ring-inset:var(--tw-empty, ); --tw-ring-offset-width:0px; --tw-ring-offset-color:#fff; --tw-ring-color:rgba(59, 130, 246, 0.5); --tw-ring-offset-shadow:0 0 #0000; --tw-ring-shadow:0 0 #0000; display: inline; width: 100%;\"></figure><p style=\"border-width: 0px; border-style: solid; border-color: rgba(229,231,235,var(--tw-border-opacity)); --tw-border-opacity:1; --tw-shadow:0 0 #0000; --tw-ring-inset:var(--tw-empty, ); --tw-ring-offset-width:0px; --tw-ring-offset-color:#fff; --tw-ring-color:rgba(59, 130, 246, 0.5); --tw-ring-offset-shadow:0 0 #0000; --tw-ring-shadow:0 0 #0000; margin-bottom: 1em;\">Đây là công đoạn có thể nói là quan trọng nhất. Bởi chỉ cần một chút sai sót thôi là&nbsp;<i style=\"border-width: 0px; border-style: solid; border-color: rgba(229,231,235,var(--tw-border-opacity)); --tw-border-opacity:1; --tw-shadow:0 0 #0000; --tw-ring-inset:var(--tw-empty, ); --tw-ring-offset-width:0px; --tw-ring-offset-color:#fff; --tw-ring-color:rgba(59, 130, 246, 0.5); --tw-ring-offset-shadow:0 0 #0000; --tw-ring-shadow:0 0 #0000;\">kiểu tóc side part vuốt rủ</i>&nbsp;của bạn sẽ dễ bị chuyển thành tóc dựng thông thường. Khi đã hoàn thành bước 2, các bạn hãy dùng lược thẳng hoặc tay để chia ngôi. Sau đó hãy kẻ một đường dọc từ trước về sau để chia đôi mái tóc theo tỉ lệ 2/8 (hoặc bất cứ tỉ lệ nào mà bạn thích, 3/7 hoặc 4/6….). Tiếp đến dùng lược hoặc tay để ép side (tóc mai), chải gọn những phần tóc phía trước và các phần viền. Cuối cùng là xịt gôm bảo vệ tóc (nếu muốn).</p><p style=\"border-width: 0px; border-style: solid; border-color: rgba(229,231,235,var(--tw-border-opacity)); --tw-border-opacity:1; --tw-shadow:0 0 #0000; --tw-ring-inset:var(--tw-empty, ); --tw-ring-offset-width:0px; --tw-ring-offset-color:#fff; --tw-ring-color:rgba(59, 130, 246, 0.5); --tw-ring-offset-shadow:0 0 #0000; --tw-ring-shadow:0 0 #0000; margin-bottom: 1em;\">Trên đây&nbsp;<span style=\"font-family: &quot;be vietnam pro&quot;, sans-serif; font-size: 16px; font-style: normal; font-variant-ligatures: normal; font-variant-caps: normal; font-weight: 300;\">BrunoBarber</span>&nbsp;đã hướng dẫn các bạn cách vuốt kiểu tóc nam Side Part rủ vô cùng đơn giản. Với những bước nhanh gọn này chắc chắn các bạn sẽ có một mái tóc như ý. Bạn sẽ đẹp trai ngời ngời như vừa bước ra khỏi&nbsp;<span style=\"font-family: &quot;be vietnam pro&quot;, sans-serif; font-size: 16px; font-style: normal; font-variant-ligatures: normal; font-variant-caps: normal; font-weight: 300;\">BrunoBarber</span>.</p></div></div>');
INSERT INTO `posts` (`id`, `title`, `image`, `createdAt`, `updateAt`, `content`) VALUES
(2, 'Top 3 Màu Nhuộm Tóc Lý Tưởng Cho Học Sinh', 'mau-den-xanh.png', '2022-11-26 13:49:24', '2022-11-26 13:49:24', '<div class=\"content__shortDescription\" style=\"border-width: 0px; border-style: solid; border-color: rgba(229,231,235,var(--tw-border-opacity)); --tw-border-opacity:1; --tw-shadow:0 0 #0000; --tw-ring-inset:var(--tw-empty, ); --tw-ring-offset-width:0px; --tw-ring-offset-color:#fff; --tw-ring-color:rgba(59, 130, 246, 0.5); --tw-ring-offset-shadow:0 0 #0000; --tw-ring-shadow:0 0 #0000; padding-right: 50px; padding-bottom: 32px; padding-left: 50px; text-align: center; color: rgb(0, 0, 0); font-family: &quot;be vietnam pro&quot;, sans-serif; font-size: 16px; font-style: normal; font-variant-ligatures: normal; font-variant-caps: normal; font-weight: 300;\"><div style=\"border-width: 0px; border-style: solid; border-color: rgba(229,231,235,var(--tw-border-opacity)); --tw-border-opacity:1; --tw-shadow:0 0 #0000; --tw-ring-inset:var(--tw-empty, ); --tw-ring-offset-width:0px; --tw-ring-offset-color:#fff; --tw-ring-color:rgba(59, 130, 246, 0.5); --tw-ring-offset-shadow:0 0 #0000; --tw-ring-shadow:0 0 #0000;\"><p style=\"border-width: 0px; border-style: solid; border-color: rgba(229,231,235,var(--tw-border-opacity)); --tw-border-opacity:1; --tw-shadow:0 0 #0000; --tw-ring-inset:var(--tw-empty, ); --tw-ring-offset-width:0px; --tw-ring-offset-color:#fff; --tw-ring-color:rgba(59, 130, 246, 0.5); --tw-ring-offset-shadow:0 0 #0000; --tw-ring-shadow:0 0 #0000; margin-bottom: 1em;\"><i style=\"border-width: 0px; border-style: solid; border-color: rgba(229,231,235,var(--tw-border-opacity)); --tw-border-opacity:1; --tw-shadow:0 0 #0000; --tw-ring-inset:var(--tw-empty, ); --tw-ring-offset-width:0px; --tw-ring-offset-color:#fff; --tw-ring-color:rgba(59, 130, 246, 0.5); --tw-ring-offset-shadow:0 0 #0000; --tw-ring-shadow:0 0 #0000;\"><span style=\"border-width: 0px; border-style: solid; border-color: rgba(229,231,235,var(--tw-border-opacity)); --tw-border-opacity:1; --tw-shadow:0 0 #0000; --tw-ring-inset:var(--tw-empty, ); --tw-ring-offset-width:0px; --tw-ring-offset-color:#fff; --tw-ring-color:rgba(59, 130, 246, 0.5); --tw-ring-offset-shadow:0 0 #0000; --tw-ring-shadow:0 0 #0000; font-weight: bolder;\">Tết đến cũng chính là thời điểm mà những bạn còn đang trong lứa tuổi học sinh có cơ hội để nhuộm tóc. Màu tóc nhuộm gì mà vừa có thể nổi bật lại vừa ngoan hiền không khiến bố mẹ, thầy cô chú ý? BrunoBarber sẽ mách cho bạn TOP 3 màu nhuộm đặc biệt này!</span></i></p></div></div><div class=\"content__description\" style=\"border-width: 0px; border-style: solid; border-color: rgba(229,231,235,var(--tw-border-opacity)); --tw-border-opacity:1; --tw-shadow:0 0 #0000; --tw-ring-inset:var(--tw-empty, ); --tw-ring-offset-width:0px; --tw-ring-offset-color:#fff; --tw-ring-color:rgba(59, 130, 246, 0.5); --tw-ring-offset-shadow:0 0 #0000; --tw-ring-shadow:0 0 #0000; color: rgb(0, 0, 0); font-family: &quot;be vietnam pro&quot;, sans-serif; font-size: 16px; font-style: normal; font-variant-ligatures: normal; font-variant-caps: normal; font-weight: 300;\"><div style=\"border-width: 0px; border-style: solid; border-color: rgba(229,231,235,var(--tw-border-opacity)); --tw-border-opacity:1; --tw-shadow:0 0 #0000; --tw-ring-inset:var(--tw-empty, ); --tw-ring-offset-width:0px; --tw-ring-offset-color:#fff; --tw-ring-color:rgba(59, 130, 246, 0.5); --tw-ring-offset-shadow:0 0 #0000; --tw-ring-shadow:0 0 #0000;\"><h2 style=\"border-width: 0px; border-style: solid; border-color: rgba(229,231,235,var(--tw-border-opacity)); --tw-border-opacity:1; --tw-shadow:0 0 #0000; --tw-ring-inset:var(--tw-empty, ); --tw-ring-offset-width:0px; --tw-ring-offset-color:#fff; --tw-ring-color:rgba(59, 130, 246, 0.5); --tw-ring-offset-shadow:0 0 #0000; --tw-ring-shadow:0 0 #0000; margin-bottom: 0.5em; font-size: inherit; color: rgba(0, 0, 0, 0.85);\"><span style=\"border-width: 0px; border-style: solid; border-color: rgba(229,231,235,var(--tw-border-opacity)); --tw-border-opacity:1; --tw-shadow:0 0 #0000; --tw-ring-inset:var(--tw-empty, ); --tw-ring-offset-width:0px; --tw-ring-offset-color:#fff; --tw-ring-color:rgba(59, 130, 246, 0.5); --tw-ring-offset-shadow:0 0 #0000; --tw-ring-shadow:0 0 #0000; font-weight: bolder;\">1. Màu đen ánh xanh</span></h2><p style=\"border-width: 0px; border-style: solid; border-color: rgba(229,231,235,var(--tw-border-opacity)); --tw-border-opacity:1; --tw-shadow:0 0 #0000; --tw-ring-inset:var(--tw-empty, ); --tw-ring-offset-width:0px; --tw-ring-offset-color:#fff; --tw-ring-color:rgba(59, 130, 246, 0.5); --tw-ring-offset-shadow:0 0 #0000; --tw-ring-shadow:0 0 #0000; margin-bottom: 1em;\">Để mà nói đến khả năng vừa nổi bật mà vừa ngoan hiền thì nhất định không thể bỏ qua màu đen ánh xanh. Khả năng vượt trội của màu tóc này chính là có thể nổi bần bật khi ra ngoài nắng nhưng lại cực kỳ “hiểu điều” khi ở trong nhà.</p><figure class=\"image\" style=\"border-width: 0px; border-style: solid; border-color: rgba(229,231,235,var(--tw-border-opacity)); --tw-border-opacity:1; --tw-shadow:0 0 #0000; --tw-ring-inset:var(--tw-empty, ); --tw-ring-offset-width:0px; --tw-ring-offset-color:#fff; --tw-ring-color:rgba(59, 130, 246, 0.5); --tw-ring-offset-shadow:0 0 #0000; --tw-ring-shadow:0 0 #0000; margin-bottom: 1em;\"><img src=\"https://blog.30shine.com/wp-content/uploads/2018/12/mau-den-xanh.png\" alt=\"Màu đen ánh xanh cực kỳ đặc biệt\" srcset=\"https://blog.30shine.com/wp-content/uploads/2018/12/mau-den-xanh.png 1272w, https://blog.30shine.com/wp-content/uploads/2018/12/mau-den-xanh-300x160.png 300w, https://blog.30shine.com/wp-content/uploads/2018/12/mau-den-xanh-768x411.png 768w, https://blog.30shine.com/wp-content/uploads/2018/12/mau-den-xanh-1024x547.png 1024w\" sizes=\"100vw\" width=\"1272\" style=\"border-width: 0px; border-color: rgba(229,231,235,var(--tw-border-opacity)); --tw-border-opacity:1; --tw-shadow:0 0 #0000; --tw-ring-inset:var(--tw-empty, ); --tw-ring-offset-width:0px; --tw-ring-offset-color:#fff; --tw-ring-color:rgba(59, 130, 246, 0.5); --tw-ring-offset-shadow:0 0 #0000; --tw-ring-shadow:0 0 #0000; display: inline; width: 100%;\"></figure><p style=\"border-width: 0px; border-style: solid; border-color: rgba(229,231,235,var(--tw-border-opacity)); --tw-border-opacity:1; --tw-shadow:0 0 #0000; --tw-ring-inset:var(--tw-empty, ); --tw-ring-offset-width:0px; --tw-ring-offset-color:#fff; --tw-ring-color:rgba(59, 130, 246, 0.5); --tw-ring-offset-shadow:0 0 #0000; --tw-ring-shadow:0 0 #0000; margin-bottom: 1em;\"><i style=\"border-width: 0px; border-style: solid; border-color: rgba(229,231,235,var(--tw-border-opacity)); --tw-border-opacity:1; --tw-shadow:0 0 #0000; --tw-ring-inset:var(--tw-empty, ); --tw-ring-offset-width:0px; --tw-ring-offset-color:#fff; --tw-ring-color:rgba(59, 130, 246, 0.5); --tw-ring-offset-shadow:0 0 #0000; --tw-ring-shadow:0 0 #0000;\">Màu đen ánh xanh cực kỳ đặc biệt</i></p><p style=\"border-width: 0px; border-style: solid; border-color: rgba(229,231,235,var(--tw-border-opacity)); --tw-border-opacity:1; --tw-shadow:0 0 #0000; --tw-ring-inset:var(--tw-empty, ); --tw-ring-offset-width:0px; --tw-ring-offset-color:#fff; --tw-ring-color:rgba(59, 130, 246, 0.5); --tw-ring-offset-shadow:0 0 #0000; --tw-ring-shadow:0 0 #0000; margin-bottom: 1em;\">Đây là 1 màu tóc có thể giúp bạn đánh lừa bất cứ đôi mắt nào. Kể cả khi bước vào năm học đi chăng nữa thì nhuộm đen ánh xanh cũng không cần bạn phải nhuộm lại. 1 điều nữa là màu đen ánh xanh cũng rất được anh em nam giới ưa chuộng. Bởi khả năng thích ứng với mọi môi trường mà nó mang lại. Nếu muốn chọn 1 màu nào có đầy đủ tính năng: đẹp, nổi bật nhưng không gây “ngứa mắt” thì nhất định phải để ngay<span style=\"border-width: 0px; border-style: solid; border-color: rgba(229,231,235,var(--tw-border-opacity)); --tw-border-opacity:1; --tw-shadow:0 0 #0000; --tw-ring-inset:var(--tw-empty, ); --tw-ring-offset-width:0px; --tw-ring-offset-color:#fff; --tw-ring-color:rgba(59, 130, 246, 0.5); --tw-ring-offset-shadow:0 0 #0000; --tw-ring-shadow:0 0 #0000; font-weight: bolder;\">&nbsp;</span><a href=\"https://blog.30shine.com/lieu-ban-co-mac-nhung-sai-lam-nay-khi-nhuom-toc/\" style=\"border-width: 0px; border-style: solid; border-color: rgba(229,231,235,var(--tw-border-opacity)); --tw-border-opacity:1; --tw-shadow:0 0 #0000; --tw-ring-inset:var(--tw-empty, ); --tw-ring-offset-width:0px; --tw-ring-offset-color:#fff; --tw-ring-color:rgba(59, 130, 246, 0.5); --tw-ring-offset-shadow:0 0 #0000; --tw-ring-shadow:0 0 #0000; color: rgb(24, 144, 255); outline: none; cursor: pointer; transition: color 0.3s ease 0s; touch-action: manipulation;\"><span style=\"border-width: 0px; border-style: solid; border-color: rgba(229,231,235,var(--tw-border-opacity)); --tw-border-opacity:1; --tw-shadow:0 0 #0000; --tw-ring-inset:var(--tw-empty, ); --tw-ring-offset-width:0px; --tw-ring-offset-color:#fff; --tw-ring-color:rgba(59, 130, 246, 0.5); --tw-ring-offset-shadow:0 0 #0000; --tw-ring-shadow:0 0 #0000; font-weight: bolder;\">màu tóc nhuộm</span></a>&nbsp;này.</p><h2 style=\"border-width: 0px; border-style: solid; border-color: rgba(229,231,235,var(--tw-border-opacity)); --tw-border-opacity:1; --tw-shadow:0 0 #0000; --tw-ring-inset:var(--tw-empty, ); --tw-ring-offset-width:0px; --tw-ring-offset-color:#fff; --tw-ring-color:rgba(59, 130, 246, 0.5); --tw-ring-offset-shadow:0 0 #0000; --tw-ring-shadow:0 0 #0000; margin-bottom: 0.5em; font-size: inherit; color: rgba(0, 0, 0, 0.85);\"><span style=\"border-width: 0px; border-style: solid; border-color: rgba(229,231,235,var(--tw-border-opacity)); --tw-border-opacity:1; --tw-shadow:0 0 #0000; --tw-ring-inset:var(--tw-empty, ); --tw-ring-offset-width:0px; --tw-ring-offset-color:#fff; --tw-ring-color:rgba(59, 130, 246, 0.5); --tw-ring-offset-shadow:0 0 #0000; --tw-ring-shadow:0 0 #0000; font-weight: bolder;\">2. Màu nâu lạnh (nâu Tây)</span></h2><p style=\"border-width: 0px; border-style: solid; border-color: rgba(229,231,235,var(--tw-border-opacity)); --tw-border-opacity:1; --tw-shadow:0 0 #0000; --tw-ring-inset:var(--tw-empty, ); --tw-ring-offset-width:0px; --tw-ring-offset-color:#fff; --tw-ring-color:rgba(59, 130, 246, 0.5); --tw-ring-offset-shadow:0 0 #0000; --tw-ring-shadow:0 0 #0000; margin-bottom: 1em;\">Màu tóc nâu lạnh hay nâu Tây chính là màu tóc nhuộm dành riêng cho những anh em có làn da ngăm đen. Với tông màu trầm,&nbsp;<a href=\"https://blog.30shine.com/nhuom-toc-nam-nau-hat-de-dinh-nhu-thanh-vien-nhom-exo-phan-1/\" style=\"border-width: 0px; border-style: solid; border-color: rgba(229,231,235,var(--tw-border-opacity)); --tw-border-opacity:1; --tw-shadow:0 0 #0000; --tw-ring-inset:var(--tw-empty, ); --tw-ring-offset-width:0px; --tw-ring-offset-color:#fff; --tw-ring-color:rgba(59, 130, 246, 0.5); --tw-ring-offset-shadow:0 0 #0000; --tw-ring-shadow:0 0 #0000; color: rgb(24, 144, 255); outline: none; cursor: pointer; transition: color 0.3s ease 0s; touch-action: manipulation;\"><span style=\"border-width: 0px; border-style: solid; border-color: rgba(229,231,235,var(--tw-border-opacity)); --tw-border-opacity:1; --tw-shadow:0 0 #0000; --tw-ring-inset:var(--tw-empty, ); --tw-ring-offset-width:0px; --tw-ring-offset-color:#fff; --tw-ring-color:rgba(59, 130, 246, 0.5); --tw-ring-offset-shadow:0 0 #0000; --tw-ring-shadow:0 0 #0000; font-weight: bolder;\">nâu lạnh</span></a>&nbsp;giúp tôn lên đáng kể nước da của bạn. Bởi vì màu nâu khá là giản dị nên đây cũng được coi như là 1 màu dễ chấp nhận được ở trường học.</p><figure class=\"image\" style=\"border-width: 0px; border-style: solid; border-color: rgba(229,231,235,var(--tw-border-opacity)); --tw-border-opacity:1; --tw-shadow:0 0 #0000; --tw-ring-inset:var(--tw-empty, ); --tw-ring-offset-width:0px; --tw-ring-offset-color:#fff; --tw-ring-color:rgba(59, 130, 246, 0.5); --tw-ring-offset-shadow:0 0 #0000; --tw-ring-shadow:0 0 #0000; margin-bottom: 1em;\"><img src=\"https://blog.30shine.com/wp-content/uploads/2018/12/nau-lanh.png\" alt=\"Nâu lạnh hay còn gọi là nâu Tây thời thượng\" srcset=\"https://blog.30shine.com/wp-content/uploads/2018/12/nau-lanh.png 1268w, https://blog.30shine.com/wp-content/uploads/2018/12/nau-lanh-300x160.png 300w, https://blog.30shine.com/wp-content/uploads/2018/12/nau-lanh-768x409.png 768w, https://blog.30shine.com/wp-content/uploads/2018/12/nau-lanh-1024x546.png 1024w, https://blog.30shine.com/wp-content/uploads/2018/12/nau-lanh-940x500.png 940w\" sizes=\"100vw\" width=\"1268\" style=\"border-width: 0px; border-color: rgba(229,231,235,var(--tw-border-opacity)); --tw-border-opacity:1; --tw-shadow:0 0 #0000; --tw-ring-inset:var(--tw-empty, ); --tw-ring-offset-width:0px; --tw-ring-offset-color:#fff; --tw-ring-color:rgba(59, 130, 246, 0.5); --tw-ring-offset-shadow:0 0 #0000; --tw-ring-shadow:0 0 #0000; display: inline; width: 100%;\"></figure><p style=\"border-width: 0px; border-style: solid; border-color: rgba(229,231,235,var(--tw-border-opacity)); --tw-border-opacity:1; --tw-shadow:0 0 #0000; --tw-ring-inset:var(--tw-empty, ); --tw-ring-offset-width:0px; --tw-ring-offset-color:#fff; --tw-ring-color:rgba(59, 130, 246, 0.5); --tw-ring-offset-shadow:0 0 #0000; --tw-ring-shadow:0 0 #0000; margin-bottom: 1em;\"><i style=\"border-width: 0px; border-style: solid; border-color: rgba(229,231,235,var(--tw-border-opacity)); --tw-border-opacity:1; --tw-shadow:0 0 #0000; --tw-ring-inset:var(--tw-empty, ); --tw-ring-offset-width:0px; --tw-ring-offset-color:#fff; --tw-ring-color:rgba(59, 130, 246, 0.5); --tw-ring-offset-shadow:0 0 #0000; --tw-ring-shadow:0 0 #0000;\">Nâu lạnh hay còn gọi là nâu Tây thời thượng</i></p><p style=\"border-width: 0px; border-style: solid; border-color: rgba(229,231,235,var(--tw-border-opacity)); --tw-border-opacity:1; --tw-shadow:0 0 #0000; --tw-ring-inset:var(--tw-empty, ); --tw-ring-offset-width:0px; --tw-ring-offset-color:#fff; --tw-ring-color:rgba(59, 130, 246, 0.5); --tw-ring-offset-shadow:0 0 #0000; --tw-ring-shadow:0 0 #0000; margin-bottom: 1em;\">Nhuộm nâu lạnh sẽ mang đrến cho anh em vẻ ngoài sáng và cuốn hút hơn rất nhiều. Ngoài ra lý do khiến nâu lạnh còn được gọi là nâu Tây chính là khả năng “nâng cấp” ngoại hình của nó. 1 mái tóc nhuộm màu nâu lạnh sẽ giúp bạn sở hữu hình ảnh sang chảnh, thời thượng và rất “Tây”. Anh em nào ưa thích phong cách như vậy thì đừng chần chừ nữa! Hãy đến ngay&nbsp;<span style=\"font-variant-ligatures: normal; font-variant-caps: normal; font-weight: 300; font-size: 16px; font-family: &quot;be vietnam pro&quot;, sans-serif; text-align: center; border-width: 0px; border-style: solid; border-color: rgba(229,231,235,var(--tw-border-opacity)); --tw-border-opacity:1; --tw-shadow:0 0 #0000; --tw-ring-inset:var(--tw-empty, ); --tw-ring-offset-width:0px; --tw-ring-offset-color:#fff; --tw-ring-color:rgba(59, 130, 246, 0.5); --tw-ring-offset-shadow:0 0 #0000; --tw-ring-shadow:0 0 #0000;\"><span style=\"font-weight: bolder; border-width: 0px; border-style: solid; border-color: rgba(229,231,235,var(--tw-border-opacity)); --tw-border-opacity:1; --tw-shadow:0 0 #0000; --tw-ring-inset:var(--tw-empty, ); --tw-ring-offset-width:0px; --tw-ring-offset-color:#fff; --tw-ring-color:rgba(59, 130, 246, 0.5); --tw-ring-offset-shadow:0 0 #0000; --tw-ring-shadow:0 0 #0000;\">BrunoBarber</span></span>&nbsp;để sở hữu ngay cho mình màu tóc nâu lạnh thôi nào!</p><h2 style=\"border-width: 0px; border-style: solid; border-color: rgba(229,231,235,var(--tw-border-opacity)); --tw-border-opacity:1; --tw-shadow:0 0 #0000; --tw-ring-inset:var(--tw-empty, ); --tw-ring-offset-width:0px; --tw-ring-offset-color:#fff; --tw-ring-color:rgba(59, 130, 246, 0.5); --tw-ring-offset-shadow:0 0 #0000; --tw-ring-shadow:0 0 #0000; margin-bottom: 0.5em; font-size: inherit; color: rgba(0, 0, 0, 0.85);\"><span style=\"border-width: 0px; border-style: solid; border-color: rgba(229,231,235,var(--tw-border-opacity)); --tw-border-opacity:1; --tw-shadow:0 0 #0000; --tw-ring-inset:var(--tw-empty, ); --tw-ring-offset-width:0px; --tw-ring-offset-color:#fff; --tw-ring-color:rgba(59, 130, 246, 0.5); --tw-ring-offset-shadow:0 0 #0000; --tw-ring-shadow:0 0 #0000; font-weight: bolder;\">3. Màu tóc than chì</span></h2><p style=\"border-width: 0px; border-style: solid; border-color: rgba(229,231,235,var(--tw-border-opacity)); --tw-border-opacity:1; --tw-shadow:0 0 #0000; --tw-ring-inset:var(--tw-empty, ); --tw-ring-offset-width:0px; --tw-ring-offset-color:#fff; --tw-ring-color:rgba(59, 130, 246, 0.5); --tw-ring-offset-shadow:0 0 #0000; --tw-ring-shadow:0 0 #0000; margin-bottom: 1em;\">Để mà nổi bật thì than chì chính là 1 sự lựa chọn lý tưởng cho anh em. Gần giống với khói nhưng chỉ cần tẩy 1 lần. Than chì mang lại cảm giác phá cách nhưng cũng khá an toàn. Trong mức mà nhà trường có thể chấp nhận được.</p><figure class=\"image\" style=\"border-width: 0px; border-style: solid; border-color: rgba(229,231,235,var(--tw-border-opacity)); --tw-border-opacity:1; --tw-shadow:0 0 #0000; --tw-ring-inset:var(--tw-empty, ); --tw-ring-offset-width:0px; --tw-ring-offset-color:#fff; --tw-ring-color:rgba(59, 130, 246, 0.5); --tw-ring-offset-shadow:0 0 #0000; --tw-ring-shadow:0 0 #0000; margin-bottom: 1em;\"><img src=\"https://blog.30shine.com/wp-content/uploads/2018/12/than-chi.png\" alt=\"Màu tóc than chì nổi loạn\" srcset=\"https://blog.30shine.com/wp-content/uploads/2018/12/than-chi.png 1277w, https://blog.30shine.com/wp-content/uploads/2018/12/than-chi-300x159.png 300w, https://blog.30shine.com/wp-content/uploads/2018/12/than-chi-768x406.png 768w, https://blog.30shine.com/wp-content/uploads/2018/12/than-chi-1024x541.png 1024w\" sizes=\"100vw\" width=\"1277\" style=\"border-width: 0px; border-color: rgba(229,231,235,var(--tw-border-opacity)); --tw-border-opacity:1; --tw-shadow:0 0 #0000; --tw-ring-inset:var(--tw-empty, ); --tw-ring-offset-width:0px; --tw-ring-offset-color:#fff; --tw-ring-color:rgba(59, 130, 246, 0.5); --tw-ring-offset-shadow:0 0 #0000; --tw-ring-shadow:0 0 #0000; display: inline; width: 100%;\"></figure><p style=\"border-width: 0px; border-style: solid; border-color: rgba(229,231,235,var(--tw-border-opacity)); --tw-border-opacity:1; --tw-shadow:0 0 #0000; --tw-ring-inset:var(--tw-empty, ); --tw-ring-offset-width:0px; --tw-ring-offset-color:#fff; --tw-ring-color:rgba(59, 130, 246, 0.5); --tw-ring-offset-shadow:0 0 #0000; --tw-ring-shadow:0 0 #0000; margin-bottom: 1em;\"><i style=\"border-width: 0px; border-style: solid; border-color: rgba(229,231,235,var(--tw-border-opacity)); --tw-border-opacity:1; --tw-shadow:0 0 #0000; --tw-ring-inset:var(--tw-empty, ); --tw-ring-offset-width:0px; --tw-ring-offset-color:#fff; --tw-ring-color:rgba(59, 130, 246, 0.5); --tw-ring-offset-shadow:0 0 #0000; --tw-ring-shadow:0 0 #0000;\">Màu tóc than chì nổi loạn</i></p><p style=\"border-width: 0px; border-style: solid; border-color: rgba(229,231,235,var(--tw-border-opacity)); --tw-border-opacity:1; --tw-shadow:0 0 #0000; --tw-ring-inset:var(--tw-empty, ); --tw-ring-offset-width:0px; --tw-ring-offset-color:#fff; --tw-ring-color:rgba(59, 130, 246, 0.5); --tw-ring-offset-shadow:0 0 #0000; --tw-ring-shadow:0 0 #0000; margin-bottom: 1em;\">Với màu tóc nhuộm than chì, bạn sẽ mang hình ảnh của 1 chàng trai cá tính, nổi loạn nhưng cũng hết sức thời thượng. Màu than chì cũng là màu tóc được rất nhiều sao nam Hàn Quốc ưa thích. Tuy nhiên có 1 lời khuyên chân thành dành của&nbsp;<span style=\"font-variant-ligatures: normal; font-variant-caps: normal; font-weight: 300; font-size: 16px; font-family: &quot;be vietnam pro&quot;, sans-serif; text-align: center; border-width: 0px; border-style: solid; border-color: rgba(229,231,235,var(--tw-border-opacity)); --tw-border-opacity:1; --tw-shadow:0 0 #0000; --tw-ring-inset:var(--tw-empty, ); --tw-ring-offset-width:0px; --tw-ring-offset-color:#fff; --tw-ring-color:rgba(59, 130, 246, 0.5); --tw-ring-offset-shadow:0 0 #0000; --tw-ring-shadow:0 0 #0000;\"><span style=\"font-weight: bolder; border-width: 0px; border-style: solid; border-color: rgba(229,231,235,var(--tw-border-opacity)); --tw-border-opacity:1; --tw-shadow:0 0 #0000; --tw-ring-inset:var(--tw-empty, ); --tw-ring-offset-width:0px; --tw-ring-offset-color:#fff; --tw-ring-color:rgba(59, 130, 246, 0.5); --tw-ring-offset-shadow:0 0 #0000; --tw-ring-shadow:0 0 #0000;\">BrunoBarber</span></span>&nbsp;dành cho anh em. Màu than chì không phải là màu tóc thực sự phù hợp với những bạn có làn da ngăm đen. Nếu không cẩn thận, màu tóc này khiến da của bạn bị xỉn đi và trông khá là “trẻ trâu”.</p><figure class=\"image\" style=\"border-width: 0px; border-style: solid; border-color: rgba(229,231,235,var(--tw-border-opacity)); --tw-border-opacity:1; --tw-shadow:0 0 #0000; --tw-ring-inset:var(--tw-empty, ); --tw-ring-offset-width:0px; --tw-ring-offset-color:#fff; --tw-ring-color:rgba(59, 130, 246, 0.5); --tw-ring-offset-shadow:0 0 #0000; --tw-ring-shadow:0 0 #0000; margin-bottom: 1em;\"><img src=\"https://blog.30shine.com/wp-content/uploads/2018/12/bang-gia-dich-vu.png\" alt=\"Bảng giá dịch vụ tại 30Shine\" srcset=\"https://blog.30shine.com/wp-content/uploads/2018/12/bang-gia-dich-vu.png 997w, https://blog.30shine.com/wp-content/uploads/2018/12/bang-gia-dich-vu-300x77.png 300w, https://blog.30shine.com/wp-content/uploads/2018/12/bang-gia-dich-vu-768x197.png 768w\" sizes=\"100vw\" width=\"997\" style=\"border-width: 0px; border-color: rgba(229,231,235,var(--tw-border-opacity)); --tw-border-opacity:1; --tw-shadow:0 0 #0000; --tw-ring-inset:var(--tw-empty, ); --tw-ring-offset-width:0px; --tw-ring-offset-color:#fff; --tw-ring-color:rgba(59, 130, 246, 0.5); --tw-ring-offset-shadow:0 0 #0000; --tw-ring-shadow:0 0 #0000; display: inline; height: auto; width: 702px;\"></figure><p style=\"border-width: 0px; border-style: solid; border-color: rgba(229,231,235,var(--tw-border-opacity)); --tw-border-opacity:1; --tw-shadow:0 0 #0000; --tw-ring-inset:var(--tw-empty, ); --tw-ring-offset-width:0px; --tw-ring-offset-color:#fff; --tw-ring-color:rgba(59, 130, 246, 0.5); --tw-ring-offset-shadow:0 0 #0000; --tw-ring-shadow:0 0 #0000; margin-bottom: 1em;\"><i style=\"border-width: 0px; border-style: solid; border-color: rgba(229,231,235,var(--tw-border-opacity)); --tw-border-opacity:1; --tw-shadow:0 0 #0000; --tw-ring-inset:var(--tw-empty, ); --tw-ring-offset-width:0px; --tw-ring-offset-color:#fff; --tw-ring-color:rgba(59, 130, 246, 0.5); --tw-ring-offset-shadow:0 0 #0000; --tw-ring-shadow:0 0 #0000;\">Bảng giá dịch vụ tại&nbsp;</i><span style=\"font-weight: bolder; text-align: center;\">BrunoBarber</span></p><p style=\"border-width: 0px; border-style: solid; border-color: rgba(229,231,235,var(--tw-border-opacity)); --tw-border-opacity:1; --tw-shadow:0 0 #0000; --tw-ring-inset:var(--tw-empty, ); --tw-ring-offset-width:0px; --tw-ring-offset-color:#fff; --tw-ring-color:rgba(59, 130, 246, 0.5); --tw-ring-offset-shadow:0 0 #0000; --tw-ring-shadow:0 0 #0000; margin-bottom: 1em;\">Cuối năm, nếu anh em không cẩn thận sẽ rất dễ gặp phải tình trạng hét giá, mập mờ tiền nong không rõ ràng. May mắn thay, điều đó sẽ không bao giờ xảy ra tại chuỗi salon của&nbsp;<span style=\"font-variant-ligatures: normal; font-variant-caps: normal; font-weight: 300; font-size: 16px; font-family: &quot;be vietnam pro&quot;, sans-serif; text-align: center; border-width: 0px; border-style: solid; border-color: rgba(229,231,235,var(--tw-border-opacity)); --tw-border-opacity:1; --tw-shadow:0 0 #0000; --tw-ring-inset:var(--tw-empty, ); --tw-ring-offset-width:0px; --tw-ring-offset-color:#fff; --tw-ring-color:rgba(59, 130, 246, 0.5); --tw-ring-offset-shadow:0 0 #0000; --tw-ring-shadow:0 0 #0000;\"><span style=\"font-weight: bolder; border-width: 0px; border-style: solid; border-color: rgba(229,231,235,var(--tw-border-opacity)); --tw-border-opacity:1; --tw-shadow:0 0 #0000; --tw-ring-inset:var(--tw-empty, ); --tw-ring-offset-width:0px; --tw-ring-offset-color:#fff; --tw-ring-color:rgba(59, 130, 246, 0.5); --tw-ring-offset-shadow:0 0 #0000; --tw-ring-shadow:0 0 #0000;\">BrunoBarber</span></span>. Cam kết chỉ duy nhất 1 giá không đổi. Gói dịch vụ nhuộm tóc là 260k, giá tẩy là 100k/1 lần, bất kể ngày thường hay ngày lễ. Dù Tết hay bất cứ 1 dịp lễ nào khác giá dịch vụ cũng vẫn giữ nguyên giá như vậy.</p><p style=\"border-width: 0px; border-style: solid; border-color: rgba(229,231,235,var(--tw-border-opacity)); --tw-border-opacity:1; --tw-shadow:0 0 #0000; --tw-ring-inset:var(--tw-empty, ); --tw-ring-offset-width:0px; --tw-ring-offset-color:#fff; --tw-ring-color:rgba(59, 130, 246, 0.5); --tw-ring-offset-shadow:0 0 #0000; --tw-ring-shadow:0 0 #0000; margin-bottom: 1em;\">Anh em muốn sở hữu ngay 1 kiểu tóc nhuộm đẹp thì&nbsp;<span style=\"font-variant-ligatures: normal; font-variant-caps: normal; font-weight: 300; font-size: 16px; font-family: &quot;be vietnam pro&quot;, sans-serif; text-align: center; border-width: 0px; border-style: solid; border-color: rgba(229,231,235,var(--tw-border-opacity)); --tw-border-opacity:1; --tw-shadow:0 0 #0000; --tw-ring-inset:var(--tw-empty, ); --tw-ring-offset-width:0px; --tw-ring-offset-color:#fff; --tw-ring-color:rgba(59, 130, 246, 0.5); --tw-ring-offset-shadow:0 0 #0000; --tw-ring-shadow:0 0 #0000;\"><span style=\"font-weight: bolder; border-width: 0px; border-style: solid; border-color: rgba(229,231,235,var(--tw-border-opacity)); --tw-border-opacity:1; --tw-shadow:0 0 #0000; --tw-ring-inset:var(--tw-empty, ); --tw-ring-offset-width:0px; --tw-ring-offset-color:#fff; --tw-ring-color:rgba(59, 130, 246, 0.5); --tw-ring-offset-shadow:0 0 #0000; --tw-ring-shadow:0 0 #0000;\">BrunoBarber</span></span>&nbsp;chính là địa điểm lý tưởng. Đừng chần chừ làm gì nữa anh em! Đặt lịch ngay thôi nào!</p></div></div>'),
(3, 'Biến Hoá Đa Phong Cách Với Kiểu Tóc Middle Part', 'nhuom-toc-mau-khoi-ST4.jpg', '2022-11-26 13:52:51', '2022-11-26 13:52:51', '<div class=\"content__shortDescription\" style=\"border-width: 0px; border-style: solid; border-color: rgba(229,231,235,var(--tw-border-opacity)); --tw-border-opacity:1; --tw-shadow:0 0 #0000; --tw-ring-inset:var(--tw-empty, ); --tw-ring-offset-width:0px; --tw-ring-offset-color:#fff; --tw-ring-color:rgba(59, 130, 246, 0.5); --tw-ring-offset-shadow:0 0 #0000; --tw-ring-shadow:0 0 #0000; padding-right: 50px; padding-bottom: 32px; padding-left: 50px; text-align: center; color: rgb(0, 0, 0); font-family: &quot;be vietnam pro&quot;, sans-serif; font-size: 16px; font-style: normal; font-variant-ligatures: normal; font-variant-caps: normal; font-weight: 300;\"><div style=\"border-width: 0px; border-style: solid; border-color: rgba(229,231,235,var(--tw-border-opacity)); --tw-border-opacity:1; --tw-shadow:0 0 #0000; --tw-ring-inset:var(--tw-empty, ); --tw-ring-offset-width:0px; --tw-ring-offset-color:#fff; --tw-ring-color:rgba(59, 130, 246, 0.5); --tw-ring-offset-shadow:0 0 #0000; --tw-ring-shadow:0 0 #0000;\"><p style=\"border-width: 0px; border-style: solid; border-color: rgba(229,231,235,var(--tw-border-opacity)); --tw-border-opacity:1; --tw-shadow:0 0 #0000; --tw-ring-inset:var(--tw-empty, ); --tw-ring-offset-width:0px; --tw-ring-offset-color:#fff; --tw-ring-color:rgba(59, 130, 246, 0.5); --tw-ring-offset-shadow:0 0 #0000; --tw-ring-shadow:0 0 #0000; margin-bottom: 1em;\"><i style=\"border-width: 0px; border-style: solid; border-color: rgba(229,231,235,var(--tw-border-opacity)); --tw-border-opacity:1; --tw-shadow:0 0 #0000; --tw-ring-inset:var(--tw-empty, ); --tw-ring-offset-width:0px; --tw-ring-offset-color:#fff; --tw-ring-color:rgba(59, 130, 246, 0.5); --tw-ring-offset-shadow:0 0 #0000; --tw-ring-shadow:0 0 #0000;\"><span style=\"border-width: 0px; border-style: solid; border-color: rgba(229,231,235,var(--tw-border-opacity)); --tw-border-opacity:1; --tw-shadow:0 0 #0000; --tw-ring-inset:var(--tw-empty, ); --tw-ring-offset-width:0px; --tw-ring-offset-color:#fff; --tw-ring-color:rgba(59, 130, 246, 0.5); --tw-ring-offset-shadow:0 0 #0000; --tw-ring-shadow:0 0 #0000; font-weight: bolder;\">Màu tóc HOT nhất hiện nay là màu tóc gì? Đó chính là màu nâu khói. Vậy tại sao nhuộm tóc màu nâu khói lại trở thành xu hướng cực chất của giới trẻ hiện nay? Đó chính là vì 4 lý do sau:</span></i></p></div></div><div class=\"content__description\" style=\"border-width: 0px; border-style: solid; border-color: rgba(229,231,235,var(--tw-border-opacity)); --tw-border-opacity:1; --tw-shadow:0 0 #0000; --tw-ring-inset:var(--tw-empty, ); --tw-ring-offset-width:0px; --tw-ring-offset-color:#fff; --tw-ring-color:rgba(59, 130, 246, 0.5); --tw-ring-offset-shadow:0 0 #0000; --tw-ring-shadow:0 0 #0000; color: rgb(0, 0, 0); font-family: &quot;be vietnam pro&quot;, sans-serif; font-size: 16px; font-style: normal; font-variant-ligatures: normal; font-variant-caps: normal; font-weight: 300;\"><div style=\"border-width: 0px; border-style: solid; border-color: rgba(229,231,235,var(--tw-border-opacity)); --tw-border-opacity:1; --tw-shadow:0 0 #0000; --tw-ring-inset:var(--tw-empty, ); --tw-ring-offset-width:0px; --tw-ring-offset-color:#fff; --tw-ring-color:rgba(59, 130, 246, 0.5); --tw-ring-offset-shadow:0 0 #0000; --tw-ring-shadow:0 0 #0000;\"><h2 style=\"border-width: 0px; border-style: solid; border-color: rgba(229,231,235,var(--tw-border-opacity)); --tw-border-opacity:1; --tw-shadow:0 0 #0000; --tw-ring-inset:var(--tw-empty, ); --tw-ring-offset-width:0px; --tw-ring-offset-color:#fff; --tw-ring-color:rgba(59, 130, 246, 0.5); --tw-ring-offset-shadow:0 0 #0000; --tw-ring-shadow:0 0 #0000; margin-bottom: 0.5em; font-size: inherit; color: rgba(0, 0, 0, 0.85);\"><span style=\"border-width: 0px; border-style: solid; border-color: rgba(229,231,235,var(--tw-border-opacity)); --tw-border-opacity:1; --tw-shadow:0 0 #0000; --tw-ring-inset:var(--tw-empty, ); --tw-ring-offset-width:0px; --tw-ring-offset-color:#fff; --tw-ring-color:rgba(59, 130, 246, 0.5); --tw-ring-offset-shadow:0 0 #0000; --tw-ring-shadow:0 0 #0000; font-weight: bolder;\">1. Màu tóc thời thượng cuốn hút ngay từ cái nhìn đầu tiên!</span></h2><p style=\"border-width: 0px; border-style: solid; border-color: rgba(229,231,235,var(--tw-border-opacity)); --tw-border-opacity:1; --tw-shadow:0 0 #0000; --tw-ring-inset:var(--tw-empty, ); --tw-ring-offset-width:0px; --tw-ring-offset-color:#fff; --tw-ring-color:rgba(59, 130, 246, 0.5); --tw-ring-offset-shadow:0 0 #0000; --tw-ring-shadow:0 0 #0000; margin-bottom: 1em;\">Được lăng xê bởi hàng loạt những sao nam đình đám của Showbiz Việt, màu nâu khói đã vươn lên trở thành màu tóc được săn đón nhiều nhất hiện nay. Có thể dễ dàng kể đến như Sơn Tùng MTP, Đức Phúc, Thanh Duy,… Nếu bạn là người ưa thích sự trẻ trung và phá cách thì không có lí do gì để bỏ qua màu tóc nâu khói cả!</p><figure class=\"image\" style=\"border-width: 0px; border-style: solid; border-color: rgba(229,231,235,var(--tw-border-opacity)); --tw-border-opacity:1; --tw-shadow:0 0 #0000; --tw-ring-inset:var(--tw-empty, ); --tw-ring-offset-width:0px; --tw-ring-offset-color:#fff; --tw-ring-color:rgba(59, 130, 246, 0.5); --tw-ring-offset-shadow:0 0 #0000; --tw-ring-shadow:0 0 #0000; margin-bottom: 1em;\"><img src=\"https://blog.30shine.com/wp-content/uploads/2018/11/nhuom-toc-mau-khoi-ST4.jpg\" alt=\"\" srcset=\"https://blog.30shine.com/wp-content/uploads/2018/11/nhuom-toc-mau-khoi-ST4.jpg 700w, https://blog.30shine.com/wp-content/uploads/2018/11/nhuom-toc-mau-khoi-ST4-225x300.jpg 225w\" sizes=\"100vw\" width=\"700\" style=\"border-width: 0px; border-color: rgba(229,231,235,var(--tw-border-opacity)); --tw-border-opacity:1; --tw-shadow:0 0 #0000; --tw-ring-inset:var(--tw-empty, ); --tw-ring-offset-width:0px; --tw-ring-offset-color:#fff; --tw-ring-color:rgba(59, 130, 246, 0.5); --tw-ring-offset-shadow:0 0 #0000; --tw-ring-shadow:0 0 #0000; display: inline; width: 100%;\"></figure><p style=\"border-width: 0px; border-style: solid; border-color: rgba(229,231,235,var(--tw-border-opacity)); --tw-border-opacity:1; --tw-shadow:0 0 #0000; --tw-ring-inset:var(--tw-empty, ); --tw-ring-offset-width:0px; --tw-ring-offset-color:#fff; --tw-ring-color:rgba(59, 130, 246, 0.5); --tw-ring-offset-shadow:0 0 #0000; --tw-ring-shadow:0 0 #0000; margin-bottom: 1em;\"><i style=\"border-width: 0px; border-style: solid; border-color: rgba(229,231,235,var(--tw-border-opacity)); --tw-border-opacity:1; --tw-shadow:0 0 #0000; --tw-ring-inset:var(--tw-empty, ); --tw-ring-offset-width:0px; --tw-ring-offset-color:#fff; --tw-ring-color:rgba(59, 130, 246, 0.5); --tw-ring-offset-shadow:0 0 #0000; --tw-ring-shadow:0 0 #0000;\">Sơn Tùng bắt trend nhuộm tóc màu nâu khói, tóc bổ luống</i></p><p style=\"border-width: 0px; border-style: solid; border-color: rgba(229,231,235,var(--tw-border-opacity)); --tw-border-opacity:1; --tw-shadow:0 0 #0000; --tw-ring-inset:var(--tw-empty, ); --tw-ring-offset-width:0px; --tw-ring-offset-color:#fff; --tw-ring-color:rgba(59, 130, 246, 0.5); --tw-ring-offset-shadow:0 0 #0000; --tw-ring-shadow:0 0 #0000; margin-bottom: 1em;\">Chả cần kết hợp áo quần hay phụ kiện gì đó quá đặc biệt, một mái tóc nhuộm hoàn hảo với màu nâu khói cũng đủ để bạn khẳng định cá tính và “chất” riêng của bản thân.</p><h2 style=\"border-width: 0px; border-style: solid; border-color: rgba(229,231,235,var(--tw-border-opacity)); --tw-border-opacity:1; --tw-shadow:0 0 #0000; --tw-ring-inset:var(--tw-empty, ); --tw-ring-offset-width:0px; --tw-ring-offset-color:#fff; --tw-ring-color:rgba(59, 130, 246, 0.5); --tw-ring-offset-shadow:0 0 #0000; --tw-ring-shadow:0 0 #0000; margin-bottom: 0.5em; font-size: inherit; color: rgba(0, 0, 0, 0.85);\"><span style=\"border-width: 0px; border-style: solid; border-color: rgba(229,231,235,var(--tw-border-opacity)); --tw-border-opacity:1; --tw-shadow:0 0 #0000; --tw-ring-inset:var(--tw-empty, ); --tw-ring-offset-width:0px; --tw-ring-offset-color:#fff; --tw-ring-color:rgba(59, 130, 246, 0.5); --tw-ring-offset-shadow:0 0 #0000; --tw-ring-shadow:0 0 #0000; font-weight: bolder;\">2. Nhuộm màu tóc nâu khói sẽ giúp tôn lên vẻ đẹp cho làn da của bạn</span></h2><p style=\"border-width: 0px; border-style: solid; border-color: rgba(229,231,235,var(--tw-border-opacity)); --tw-border-opacity:1; --tw-shadow:0 0 #0000; --tw-ring-inset:var(--tw-empty, ); --tw-ring-offset-width:0px; --tw-ring-offset-color:#fff; --tw-ring-color:rgba(59, 130, 246, 0.5); --tw-ring-offset-shadow:0 0 #0000; --tw-ring-shadow:0 0 #0000; margin-bottom: 1em;\">Bạn đang khá là quan ngại trong việc nhuộm tóc màu sáng với làn da ngăm đen? Đừng quá lo lắng!</p><figure class=\"image\" style=\"border-width: 0px; border-style: solid; border-color: rgba(229,231,235,var(--tw-border-opacity)); --tw-border-opacity:1; --tw-shadow:0 0 #0000; --tw-ring-inset:var(--tw-empty, ); --tw-ring-offset-width:0px; --tw-ring-offset-color:#fff; --tw-ring-color:rgba(59, 130, 246, 0.5); --tw-ring-offset-shadow:0 0 #0000; --tw-ring-shadow:0 0 #0000; margin-bottom: 1em;\"><img src=\"https://blog.30shine.com/wp-content/uploads/2018/11/sao-viet-nhuom-toc-mau-khoi2.jpg\" alt=\"Sobin Hoàng Sơn cũng nhuộm tóc màu khói không kém cạnh Sơn Tùng\" srcset=\"https://blog.30shine.com/wp-content/uploads/2018/11/sao-viet-nhuom-toc-mau-khoi2.jpg 480w, https://blog.30shine.com/wp-content/uploads/2018/11/sao-viet-nhuom-toc-mau-khoi2-200x300.jpg 200w\" sizes=\"100vw\" width=\"480\" style=\"border-width: 0px; border-color: rgba(229,231,235,var(--tw-border-opacity)); --tw-border-opacity:1; --tw-shadow:0 0 #0000; --tw-ring-inset:var(--tw-empty, ); --tw-ring-offset-width:0px; --tw-ring-offset-color:#fff; --tw-ring-color:rgba(59, 130, 246, 0.5); --tw-ring-offset-shadow:0 0 #0000; --tw-ring-shadow:0 0 #0000; display: inline; width: 100%;\"></figure><p style=\"border-width: 0px; border-style: solid; border-color: rgba(229,231,235,var(--tw-border-opacity)); --tw-border-opacity:1; --tw-shadow:0 0 #0000; --tw-ring-inset:var(--tw-empty, ); --tw-ring-offset-width:0px; --tw-ring-offset-color:#fff; --tw-ring-color:rgba(59, 130, 246, 0.5); --tw-ring-offset-shadow:0 0 #0000; --tw-ring-shadow:0 0 #0000; margin-bottom: 1em;\">Sobin Hoàng Sơn cũng nhuộm tóc màu nâu khói không kém cạnh Sơn Tùng</p><p style=\"border-width: 0px; border-style: solid; border-color: rgba(229,231,235,var(--tw-border-opacity)); --tw-border-opacity:1; --tw-shadow:0 0 #0000; --tw-ring-inset:var(--tw-empty, ); --tw-ring-offset-width:0px; --tw-ring-offset-color:#fff; --tw-ring-color:rgba(59, 130, 246, 0.5); --tw-ring-offset-shadow:0 0 #0000; --tw-ring-shadow:0 0 #0000; margin-bottom: 1em;\">Màu nâu khói sẽ giúp bạn loại bỏ hoàn toàn suy nghĩ này. Bởi màu nâu khói vừa có thể hạn chế sự tương phản giữa tóc và làn da và vừa giúp tôn da sáng lên đáng kể. Nâu khói chính là màu tóc đẹp tôn da giúp bạn dễ dàng thu hút mọi ánh nhìn.</p><h2 style=\"border-width: 0px; border-style: solid; border-color: rgba(229,231,235,var(--tw-border-opacity)); --tw-border-opacity:1; --tw-shadow:0 0 #0000; --tw-ring-inset:var(--tw-empty, ); --tw-ring-offset-width:0px; --tw-ring-offset-color:#fff; --tw-ring-color:rgba(59, 130, 246, 0.5); --tw-ring-offset-shadow:0 0 #0000; --tw-ring-shadow:0 0 #0000; margin-bottom: 0.5em; font-size: inherit; color: rgba(0, 0, 0, 0.85);\"><span style=\"border-width: 0px; border-style: solid; border-color: rgba(229,231,235,var(--tw-border-opacity)); --tw-border-opacity:1; --tw-shadow:0 0 #0000; --tw-ring-inset:var(--tw-empty, ); --tw-ring-offset-width:0px; --tw-ring-offset-color:#fff; --tw-ring-color:rgba(59, 130, 246, 0.5); --tw-ring-offset-shadow:0 0 #0000; --tw-ring-shadow:0 0 #0000; font-weight: bolder;\">3. Màu nâu khói là sự lựa chọn hoàn hảo cho những anh chàng phá cách</span></h2><p style=\"border-width: 0px; border-style: solid; border-color: rgba(229,231,235,var(--tw-border-opacity)); --tw-border-opacity:1; --tw-shadow:0 0 #0000; --tw-ring-inset:var(--tw-empty, ); --tw-ring-offset-width:0px; --tw-ring-offset-color:#fff; --tw-ring-color:rgba(59, 130, 246, 0.5); --tw-ring-offset-shadow:0 0 #0000; --tw-ring-shadow:0 0 #0000; margin-bottom: 1em;\">Bạn chắc chắn sẽ trẻ trung và cá tính hơn với một màu tóc được nhuộm gam sáng, đặc biệt là màu nâu khói. Tại sao?</p><figure class=\"image\" style=\"border-width: 0px; border-style: solid; border-color: rgba(229,231,235,var(--tw-border-opacity)); --tw-border-opacity:1; --tw-shadow:0 0 #0000; --tw-ring-inset:var(--tw-empty, ); --tw-ring-offset-width:0px; --tw-ring-offset-color:#fff; --tw-ring-color:rgba(59, 130, 246, 0.5); --tw-ring-offset-shadow:0 0 #0000; --tw-ring-shadow:0 0 #0000; margin-bottom: 1em;\"><img src=\"https://blog.30shine.com/wp-content/uploads/2018/11/Nhung-y-tuong-tuyet-voi-cho-nhuom-toc-mau-khoi-30Shine1.jpg\" alt=\"Những ý tưởng tuyệt vời cho nhuộm tóc màu khói\" srcset=\"https://blog.30shine.com/wp-content/uploads/2018/11/Nhung-y-tuong-tuyet-voi-cho-nhuom-toc-mau-khoi-30Shine1.jpg 721w, https://blog.30shine.com/wp-content/uploads/2018/11/Nhung-y-tuong-tuyet-voi-cho-nhuom-toc-mau-khoi-30Shine1-225x300.jpg 225w\" sizes=\"100vw\" width=\"721\" style=\"border-width: 0px; border-color: rgba(229,231,235,var(--tw-border-opacity)); --tw-border-opacity:1; --tw-shadow:0 0 #0000; --tw-ring-inset:var(--tw-empty, ); --tw-ring-offset-width:0px; --tw-ring-offset-color:#fff; --tw-ring-color:rgba(59, 130, 246, 0.5); --tw-ring-offset-shadow:0 0 #0000; --tw-ring-shadow:0 0 #0000; display: inline; width: 100%;\"></figure><p style=\"border-width: 0px; border-style: solid; border-color: rgba(229,231,235,var(--tw-border-opacity)); --tw-border-opacity:1; --tw-shadow:0 0 #0000; --tw-ring-inset:var(--tw-empty, ); --tw-ring-offset-width:0px; --tw-ring-offset-color:#fff; --tw-ring-color:rgba(59, 130, 246, 0.5); --tw-ring-offset-shadow:0 0 #0000; --tw-ring-shadow:0 0 #0000; margin-bottom: 1em;\"><i style=\"border-width: 0px; border-style: solid; border-color: rgba(229,231,235,var(--tw-border-opacity)); --tw-border-opacity:1; --tw-shadow:0 0 #0000; --tw-ring-inset:var(--tw-empty, ); --tw-ring-offset-width:0px; --tw-ring-offset-color:#fff; --tw-ring-color:rgba(59, 130, 246, 0.5); --tw-ring-offset-shadow:0 0 #0000; --tw-ring-shadow:0 0 #0000;\">MC Quang Hưng nhuộm tóc màu nâu khói bắt trend 2018</i></p><p style=\"border-width: 0px; border-style: solid; border-color: rgba(229,231,235,var(--tw-border-opacity)); --tw-border-opacity:1; --tw-shadow:0 0 #0000; --tw-ring-inset:var(--tw-empty, ); --tw-ring-offset-width:0px; --tw-ring-offset-color:#fff; --tw-ring-color:rgba(59, 130, 246, 0.5); --tw-ring-offset-shadow:0 0 #0000; --tw-ring-shadow:0 0 #0000; margin-bottom: 1em;\">Màu nâu khói vừa cá tính vừa ấn tượng mà ít màu có thể so với được. &nbsp;Màu tóc này cực kỳ hợp với những anh chàng muốn dành cho bản thân một sự thay đổi mới mẻ. Tuy là khác biệt nhưng màu tóc này vẫn có thể phù hợp với mọi môi trường dù là học tập hay công sở làm việc.</p><h2 style=\"border-width: 0px; border-style: solid; border-color: rgba(229,231,235,var(--tw-border-opacity)); --tw-border-opacity:1; --tw-shadow:0 0 #0000; --tw-ring-inset:var(--tw-empty, ); --tw-ring-offset-width:0px; --tw-ring-offset-color:#fff; --tw-ring-color:rgba(59, 130, 246, 0.5); --tw-ring-offset-shadow:0 0 #0000; --tw-ring-shadow:0 0 #0000; margin-bottom: 0.5em; font-size: inherit; color: rgba(0, 0, 0, 0.85);\"><span style=\"border-width: 0px; border-style: solid; border-color: rgba(229,231,235,var(--tw-border-opacity)); --tw-border-opacity:1; --tw-shadow:0 0 #0000; --tw-ring-inset:var(--tw-empty, ); --tw-ring-offset-width:0px; --tw-ring-offset-color:#fff; --tw-ring-color:rgba(59, 130, 246, 0.5); --tw-ring-offset-shadow:0 0 #0000; --tw-ring-shadow:0 0 #0000; font-weight: bolder;\">4. Nhuộm tóc màu nâu khói “xử lý” gọn những khuyết điểm của mái tóc</span></h2><p style=\"border-width: 0px; border-style: solid; border-color: rgba(229,231,235,var(--tw-border-opacity)); --tw-border-opacity:1; --tw-shadow:0 0 #0000; --tw-ring-inset:var(--tw-empty, ); --tw-ring-offset-width:0px; --tw-ring-offset-color:#fff; --tw-ring-color:rgba(59, 130, 246, 0.5); --tw-ring-offset-shadow:0 0 #0000; --tw-ring-shadow:0 0 #0000; margin-bottom: 1em;\">Với đặc điểm là chuyên tạo “cú lừa” về mặt thị giác, màu nâu khói giúp mái tóc trở nên dày và bồng bềnh hơn. Đặc biệt, những anh chàng nào mà tóc mỏng, mềm thì nhuộm tóc màu nâu khói chính là 1 sự lựa chọn hoàn hảo.</p><p style=\"border-width: 0px; border-style: solid; border-color: rgba(229,231,235,var(--tw-border-opacity)); --tw-border-opacity:1; --tw-shadow:0 0 #0000; --tw-ring-inset:var(--tw-empty, ); --tw-ring-offset-width:0px; --tw-ring-offset-color:#fff; --tw-ring-color:rgba(59, 130, 246, 0.5); --tw-ring-offset-shadow:0 0 #0000; --tw-ring-shadow:0 0 #0000; margin-bottom: 1em;\">Ngoài ra,màu nâu khói cũng giúp che đi những khuyết điểm của tóc như chẻ ngọn hay mái tóc khô xơ. Bởi màu sáng khiến người ta dễ dàng chú ý đến tổng thể hơn là nhìn vào chi tiết.</p><figure class=\"image\" style=\"border-width: 0px; border-style: solid; border-color: rgba(229,231,235,var(--tw-border-opacity)); --tw-border-opacity:1; --tw-shadow:0 0 #0000; --tw-ring-inset:var(--tw-empty, ); --tw-ring-offset-width:0px; --tw-ring-offset-color:#fff; --tw-ring-color:rgba(59, 130, 246, 0.5); --tw-ring-offset-shadow:0 0 #0000; --tw-ring-shadow:0 0 #0000; margin-bottom: 1em;\"><img src=\"https://blog.30shine.com/wp-content/uploads/2018/10/Ba%CC%89ng-gia%CC%81-di%CC%A3ch-vu%CC%A3-ta%CC%A3i-30Shine.png\" alt=\"Bảng giá dịch vụ tại 30Shine\" srcset=\"https://blog.30shine.com/wp-content/uploads/2018/10/Bảng-giá-dịch-vụ-tại-30Shine.png 992w, https://blog.30shine.com/wp-content/uploads/2018/10/Bảng-giá-dịch-vụ-tại-30Shine-300x78.png 300w, https://blog.30shine.com/wp-content/uploads/2018/10/Bảng-giá-dịch-vụ-tại-30Shine-768x200.png 768w\" sizes=\"100vw\" width=\"992\" style=\"border-width: 0px; border-color: rgba(229,231,235,var(--tw-border-opacity)); --tw-border-opacity:1; --tw-shadow:0 0 #0000; --tw-ring-inset:var(--tw-empty, ); --tw-ring-offset-width:0px; --tw-ring-offset-color:#fff; --tw-ring-color:rgba(59, 130, 246, 0.5); --tw-ring-offset-shadow:0 0 #0000; --tw-ring-shadow:0 0 #0000; display: inline; height: auto; width: 702px;\"></figure><p style=\"border-width: 0px; border-style: solid; border-color: rgba(229,231,235,var(--tw-border-opacity)); --tw-border-opacity:1; --tw-shadow:0 0 #0000; --tw-ring-inset:var(--tw-empty, ); --tw-ring-offset-width:0px; --tw-ring-offset-color:#fff; --tw-ring-color:rgba(59, 130, 246, 0.5); --tw-ring-offset-shadow:0 0 #0000; --tw-ring-shadow:0 0 #0000; margin-bottom: 1em;\"><i style=\"border-width: 0px; border-style: solid; border-color: rgba(229,231,235,var(--tw-border-opacity)); --tw-border-opacity:1; --tw-shadow:0 0 #0000; --tw-ring-inset:var(--tw-empty, ); --tw-ring-offset-width:0px; --tw-ring-offset-color:#fff; --tw-ring-color:rgba(59, 130, 246, 0.5); --tw-ring-offset-shadow:0 0 #0000; --tw-ring-shadow:0 0 #0000;\">Bảng giá dịch vụ tại&nbsp;</i><span style=\"font-weight: bolder; text-align: center;\">BrunoBarber</span></p><p style=\"border-width: 0px; border-style: solid; border-color: rgba(229,231,235,var(--tw-border-opacity)); --tw-border-opacity:1; --tw-shadow:0 0 #0000; --tw-ring-inset:var(--tw-empty, ); --tw-ring-offset-width:0px; --tw-ring-offset-color:#fff; --tw-ring-color:rgba(59, 130, 246, 0.5); --tw-ring-offset-shadow:0 0 #0000; --tw-ring-shadow:0 0 #0000; margin-bottom: 1em;\">Nếu bạn muốn nổi bật và phá cách trong đám đông thì chỉ đơn giản làm 1 việc duy nhất! Đó chính là nhuộm tóc màu nâu khói. Còn nhuộm tóc ở đâu cho đẹp thì tất nhiên là hãy đến&nbsp;<span style=\"font-family: &quot;be vietnam pro&quot;, sans-serif; font-size: 16px; font-style: normal; font-variant-ligatures: normal; font-variant-caps: normal; font-weight: 400; text-align: center;\">BrunoBarber</span>&nbsp;rồi.</p><p style=\"border-width: 0px; border-style: solid; border-color: rgba(229,231,235,var(--tw-border-opacity)); --tw-border-opacity:1; --tw-shadow:0 0 #0000; --tw-ring-inset:var(--tw-empty, ); --tw-ring-offset-width:0px; --tw-ring-offset-color:#fff; --tw-ring-color:rgba(59, 130, 246, 0.5); --tw-ring-offset-shadow:0 0 #0000; --tw-ring-shadow:0 0 #0000; margin-bottom: 1em;\">Chỉ với 180k giá&nbsp;<a href=\"/\" style=\"border-width: 0px; border-style: solid; border-color: rgba(229,231,235,var(--tw-border-opacity)); --tw-border-opacity:1; --tw-shadow:0 0 #0000; --tw-ring-inset:var(--tw-empty, ); --tw-ring-offset-width:0px; --tw-ring-offset-color:#fff; --tw-ring-color:rgba(59, 130, 246, 0.5); --tw-ring-offset-shadow:0 0 #0000; --tw-ring-shadow:0 0 #0000; color: rgb(24, 144, 255); outline: none; cursor: pointer; transition: color 0.3s ease 0s; touch-action: manipulation;\" target=\"_blank\">gói dịch vụ nhuộm</a>&nbsp;và 100k mỗi lần tẩy, bạn sẽ sở hữu ngay 1 mái tóc nhuộm màu nâu khói hoàn hảo.&nbsp;Ngoài ra, cũng chỉ duy nhất&nbsp;<span style=\"font-family: &quot;be vietnam pro&quot;, sans-serif; font-size: 16px; font-style: normal; font-variant-ligatures: normal; font-variant-caps: normal; font-weight: 400; text-align: center;\">BrunoBarber</span>&nbsp;mới có cam kết&nbsp;<span style=\"font-family: &quot;be vietnam pro&quot;, sans-serif; font-size: 16px; font-style: normal; font-variant-ligatures: normal; font-variant-caps: normal; font-weight: 400; text-align: center;\">BrunoBarber</span>&nbsp;Care không 1 tiệm tóc nào có! Bảo hành hoàn toàn miễn phí tóc nhuộm màu thường trong 15 ngày và tóc màu tẩy trong vòng 3 ngày.</p><p style=\"border-width: 0px; border-style: solid; border-color: rgba(229,231,235,var(--tw-border-opacity)); --tw-border-opacity:1; --tw-shadow:0 0 #0000; --tw-ring-inset:var(--tw-empty, ); --tw-ring-offset-width:0px; --tw-ring-offset-color:#fff; --tw-ring-color:rgba(59, 130, 246, 0.5); --tw-ring-offset-shadow:0 0 #0000; --tw-ring-shadow:0 0 #0000; margin-bottom: 1em;\">Làm gì có nơi đâu giá cả phải chăng mà dịch vụ lại chất lượng như ở&nbsp;<span style=\"font-family: &quot;be vietnam pro&quot;, sans-serif; font-size: 16px; font-style: normal; font-variant-ligatures: normal; font-variant-caps: normal; font-weight: 400; text-align: center;\">BrunoBarber</span>. Bạn sẽ hoàn toàn hài lòng khi sử dụng dịch vụ đẳng cấp tại đây. Muốn đẹp trai, đến ngay&nbsp;<span style=\"font-family: &quot;be vietnam pro&quot;, sans-serif; font-size: 16px; font-style: normal; font-variant-ligatures: normal; font-variant-caps: normal; font-weight: 400; text-align: center;\">BrunoBarber</span>! Nhanh tay nhấn nút đặt lịch đi nào anh bạn!</p></div></div>');

-- --------------------------------------------------------

--
-- Table structure for table `services`
--

CREATE TABLE `services` (
  `id` int(11) NOT NULL,
  `name` varchar(255) COLLATE utf8mb4_unicode_ci NOT NULL,
  `price` varchar(20) COLLATE utf8mb4_unicode_ci NOT NULL,
  `status` int(11) NOT NULL
) ENGINE=InnoDB DEFAULT CHARSET=utf8mb4 COLLATE=utf8mb4_unicode_ci;

--
-- Dumping data for table `services`
--

INSERT INTO `services` (`id`, `name`, `price`, `status`) VALUES
(7, 'Dịch Vụ 1', '1', 1),
(8, 'Dịch Vụ 2', '2', 1),
(9, 'Dịch Vụ 3', '3', 1),
(10, 'Dịch Vụ 4', '4', 1),
(11, 'Dịch Vụ 5', '5', 1),
(12, 'Dịch Vụ 6', '6', 1);

-- --------------------------------------------------------

--
-- Table structure for table `users`
--

CREATE TABLE `users` (
  `id` int(11) NOT NULL,
  `phone_number` varchar(10) COLLATE utf8mb4_unicode_ci NOT NULL,
  `password` varchar(255) COLLATE utf8mb4_unicode_ci DEFAULT NULL,
  `status` int(11) NOT NULL
) ENGINE=InnoDB DEFAULT CHARSET=utf8mb4 COLLATE=utf8mb4_unicode_ci;

--
-- Dumping data for table `users`
--

INSERT INTO `users` (`id`, `phone_number`, `password`, `status`) VALUES
(71, '0961472726', 'CuzinPro', 1),
(72, '0583034270', 'kk', 1),
(73, '3838383838', 'Cuzuzuuzuzuz', 1),
(74, '0292929292', '', 1),
(75, '3838383883', '123123j123123123123123', 1),
(76, '0900000000', 'Demo', 1),
(77, '0999999999', 'CuzinPro', 1),
(78, '0989898989', 'Demo', 1),
(79, '0976543212', NULL, 1),
(80, '0393939393', '', 1);

-- --------------------------------------------------------

--
-- Table structure for table `work_time`
--

CREATE TABLE `work_time` (
  `id` int(11) NOT NULL,
  `time` time NOT NULL
) ENGINE=InnoDB DEFAULT CHARSET=utf8mb4 COLLATE=utf8mb4_unicode_ci;

--
-- Dumping data for table `work_time`
--

INSERT INTO `work_time` (`id`, `time`) VALUES
(1, '09:00:00'),
(2, '09:40:00'),
(3, '10:20:00'),
(4, '11:00:00'),
(5, '11:40:00'),
(6, '12:20:00'),
(8, '13:00:00'),
(10, '13:40:00'),
(11, '14:20:00'),
(12, '15:00:00'),
(13, '15:40:00'),
(14, '16:20:00'),
(16, '17:00:00'),
(17, '17:40:00'),
(18, '18:20:00');

--
-- Indexes for dumped tables
--

--
-- Indexes for table `combo`
--
ALTER TABLE `combo`
  ADD PRIMARY KEY (`id`);

--
-- Indexes for table `employee`
--
ALTER TABLE `employee`
  ADD PRIMARY KEY (`id`);

--
-- Indexes for table `feedback`
--
ALTER TABLE `feedback`
  ADD PRIMARY KEY (`id`);

--
-- Indexes for table `list_combo`
--
ALTER TABLE `list_combo`
  ADD PRIMARY KEY (`id`);

--
-- Indexes for table `orders`
--
ALTER TABLE `orders`
  ADD PRIMARY KEY (`id`);

--
-- Indexes for table `orders_detail`
--
ALTER TABLE `orders_detail`
  ADD PRIMARY KEY (`id`);

--
-- Indexes for table `posts`
--
ALTER TABLE `posts`
  ADD PRIMARY KEY (`id`);

--
-- Indexes for table `services`
--
ALTER TABLE `services`
  ADD PRIMARY KEY (`id`);

--
-- Indexes for table `users`
--
ALTER TABLE `users`
  ADD PRIMARY KEY (`id`);

--
-- Indexes for table `work_time`
--
ALTER TABLE `work_time`
  ADD PRIMARY KEY (`id`);

--
-- AUTO_INCREMENT for dumped tables
--

--
-- AUTO_INCREMENT for table `combo`
--
ALTER TABLE `combo`
  MODIFY `id` int(11) NOT NULL AUTO_INCREMENT, AUTO_INCREMENT=7;

--
-- AUTO_INCREMENT for table `employee`
--
ALTER TABLE `employee`
  MODIFY `id` int(11) NOT NULL AUTO_INCREMENT, AUTO_INCREMENT=7;

--
-- AUTO_INCREMENT for table `feedback`
--
ALTER TABLE `feedback`
  MODIFY `id` int(11) NOT NULL AUTO_INCREMENT;

--
-- AUTO_INCREMENT for table `list_combo`
--
ALTER TABLE `list_combo`
  MODIFY `id` int(11) NOT NULL AUTO_INCREMENT, AUTO_INCREMENT=14;

--
-- AUTO_INCREMENT for table `orders`
--
ALTER TABLE `orders`
  MODIFY `id` int(11) NOT NULL AUTO_INCREMENT, AUTO_INCREMENT=77;

--
-- AUTO_INCREMENT for table `orders_detail`
--
ALTER TABLE `orders_detail`
  MODIFY `id` int(11) NOT NULL AUTO_INCREMENT, AUTO_INCREMENT=105;

--
-- AUTO_INCREMENT for table `posts`
--
ALTER TABLE `posts`
  MODIFY `id` int(11) NOT NULL AUTO_INCREMENT, AUTO_INCREMENT=4;

--
-- AUTO_INCREMENT for table `services`
--
ALTER TABLE `services`
  MODIFY `id` int(11) NOT NULL AUTO_INCREMENT, AUTO_INCREMENT=13;

--
-- AUTO_INCREMENT for table `users`
--
ALTER TABLE `users`
  MODIFY `id` int(11) NOT NULL AUTO_INCREMENT, AUTO_INCREMENT=81;

--
-- AUTO_INCREMENT for table `work_time`
--
ALTER TABLE `work_time`
  MODIFY `id` int(11) NOT NULL AUTO_INCREMENT, AUTO_INCREMENT=19;
COMMIT;

/*!40101 SET CHARACTER_SET_CLIENT=@OLD_CHARACTER_SET_CLIENT */;
/*!40101 SET CHARACTER_SET_RESULTS=@OLD_CHARACTER_SET_RESULTS */;
/*!40101 SET COLLATION_CONNECTION=@OLD_COLLATION_CONNECTION */;
